Workbook

Sheet Master
Q1: Date | S1: Comments
A2: Tank | B2: Section | C2: Treatment | D2: Species | E2: BeeTag ID | F2: Unique_ID | G2: Weight (g) | H2: Length (mm) | I2: Width (mm) | J2: Depth (mm) | K2: Weight (g) | L2: Length (mm) | M2: Width (mm) | N2: Depth (mm) | O2: Ripe? | R2: Dry Shell (g) | U2: Balance: Shizmadu UP423X d=0.001g,UniBloc
A3: 1 | B3: 1 | C3: Warm | D3: Oyster | E3: W42 | F3: O_W42 | G3: 19.64 | H3: 73 | I3: 37.32 | J3: 12.43 | K3: 19.406 | L3: 72.88 | M3: 33.65 | N3: 16.19 | P3: 45886 | Q3: 45886 | U3: 02 Jul 25 Moved oysters and mussels to boxes
A4: 1 | B4: 1 | C4: Warm | D4: Oyster | E4: B61 | F4: O_B61 | G4: 35.547 | H4: 73.82 | I4: 54.05 | J4: 14.88 | K4: 35.465 | L4: 75.17 | M4: 50.24 | N4: 19.13 | P4: 45879 | Q4: 45879 | U4: 03 Jul 25 Moved scallops to boxes
A5: 1 | B5: 1 | C5: Warm | D5: Oyster | E5: B54 | F5: O_B54 | G5: 30.829 | H5: =IFERROR(INDEX('Tagging key'!D:D, MATCH(F5,'Tagging key'!C:C,0)),"") -> 72.75 | I5: =IFERROR(INDEX('Tagging key'!E:E, MATCH(F5,'Tagging key'!C:C,0)),"") -> 42.12 | J5: =IFERROR(INDEX('Tagging key'!F:F, MATCH(F5,'Tagging key'!C:C,0)),"") -> 16.44 | K5: 30.754 | L5: 67.887 | M5: 36.02 | N5: 11.71 | P5: 45877 | Q5: 45877
A6: 1 | B6: 1 | C6: Warm | D6: Oyster | E6: R42 | F6: O_R42 | G6: 32.083 | H6: =IFERROR(INDEX('Tagging key'!D:D, MATCH(F6,'Tagging key'!C:C,0)),"") -> 63.69 | I6: =IFERROR(INDEX('Tagging key'!E:E, MATCH(F6,'Tagging key'!C:C,0)),"") -> 53.55 | J6: =IFERROR(INDEX('Tagging key'!F:F, MATCH(F6,'Tagging key'!C:C,0)),"") -> 18.02 | K6: 32.183 | L6: 63.77 | M6: 53.09 | N6: 19.13 | P6: 45882 | Q6: 45882 | R6: 22.071
A7: 1 | B7: 2 | C7: Warm | D7: Oyster | E7: B68 | F7: O_B68 | G7: 20.537 | H7: =IFERROR(INDEX('Tagging key'!D:D, MATCH(F7,'Tagging key'!C:C,0)),"") -> 59.48 | I7: =IFERROR(INDEX('Tagging key'!E:E, MATCH(F7,'Tagging key'!C:C,0)),"") -> 42.39 | J7: =IFERROR(INDEX('Tagging key'!F:F, MATCH(F7,'Tagging key'!C:C,0)),"") -> 13.12 | K7: 20.258 | L7: 58.38 | M7: 39.17 | N7: 14.78 | P7: 45882 | Q7: 45882 | R7: 11.349
A8: 1 | B8: 2 | C8: Warm | D8: Oyster | E8: B65 | F8: O_B65 | G8: 87.494 | H8: =IFERROR(INDEX('Tagging key'!D:D, MATCH(F8,'Tagging key'!C:C,0)),"") -> 69.63 | I8: =IFERROR(INDEX('Tagging key'!E:E, MATCH(F8,'Tagging key'!C:C,0)),"") -> 70.35 | J8: =IFERROR(INDEX('Tagging key'!F:F, MATCH(F8,'Tagging key'!C:C,0)),"") -> 23.62 | K8: 86.667 | L8: 73.01 | M8: 64.85 | N8: 21.42 | P8: 45877 | Q8: 45877 | S8: Removed a double
A9: 1 | B9: 2 | C9: Warm | D9: Oyster | E9: B5 | F9: O_B5 | G9: 29.658 | H9: =IFERROR(INDEX('Tagging key'!D:D, MATCH(F9,'Tagging key'!C:C,0)),"") -> 72.69 | I9: =IFERROR(INDEX('Tagging key'!E:E, MATCH(F9,'Tagging key'!C:C,0)),"") -> 44.55 | J9: =IFERROR(INDEX('Tagging key'!F:F, MATCH(F9,'Tagging key'!C:C,0)),"") -> 14.49 | K9: 29.744 | L9: 71.61 | M9: 44.79 | N9: 16.88 | P9: 45879 | Q9: 45879 | S9: Was in box 3
A10: 1 | B10: 2 | C10: Warm | D10: Oyster | E10: B88 | F10: O_B88 | G10: 28.24 | H10: =IFERROR(INDEX('Tagging key'!D:D, MATCH(F10,'Tagging key'!C:C,0)),"") -> 66.35 | I10: =IFERROR(INDEX('Tagging key'!E:E, MATCH(F10,'Tagging key'!C:C,0)),"") -> 50.23 | J10: =IFERROR(INDEX('Tagging key'!F:F, MATCH(F10,'Tagging key'!C:C,0)),"") -> 14.63 | K10: 28.046 | L10: 65.13 | M10: 47.82 | N10: 17.97 | P10: 45879 | Q10: 45879
A11: 1 | B11: 3 | C11: Warm | D11: Oyster | E11: R49 | F11: O_R49 | G11: 33.59 | H11: =IFERROR(INDEX('Tagging key'!D:D, MATCH(F11,'Tagging key'!C:C,0)),"") -> 62.02 | I11: =IFERROR(INDEX('Tagging key'!E:E, MATCH(F11,'Tagging key'!C:C,0)),"") -> 43.46 | J11: =IFERROR(INDEX('Tagging key'!F:F, MATCH(F11,'Tagging key'!C:C,0)),"") -> 17.31 | K11: 33.459 | L11: 62.33 | M11: 44.03 | N11: 17.73 | P11: 45886 | Q11: 45886
A12: 1 | B12: 3 | C12: Warm | D12: Oyster | E12: W15 | F12: O_W15 | G12: 42.011 | H12: =IFERROR(INDEX('Tagging key'!D:D, MATCH(F12,'Tagging key'!C:C,0)),"") -> 76.48 | I12: =IFERROR(INDEX('Tagging key'!E:E, MATCH(F12,'Tagging key'!C:C,0)),"") -> 44.98 | J12: =IFERROR(INDEX('Tagging key'!F:F, MATCH(F12,'Tagging key'!C:C,0)),"") -> 20.4 | K12: 41.79 | L12: 70.64 | M12: 39.33 | N12: 14.93 | P12: 45877 | Q12: 45877
A13: 1 | B13: 3 | C13: Warm | D13: Oyster | E13: B92 | F13: O_B92 | G13: 29.664 | H13: =IFERROR(INDEX('Tagging key'!D:D, MATCH(F13,'Tagging key'!C:C,0)),"") -> 67.87 | I13: =IFERROR(INDEX('Tagging key'!E:E, MATCH(F13,'Tagging key'!C:C,0)),"") -> 51.68 | J13: =IFERROR(INDEX('Tagging key'!F:F, MATCH(F13,'Tagging key'!C:C,0)),"") -> 14.59 | K13: 29.542 | L13: 66.76 | M13: 46.35 | N13: 17.4 | P13: 45886 | Q13: 45886 | S13: Was in box 2
A14: 1 | B14: 3 | C14: Warm | D14: Oyster | E14: B91 | F14: O_B91 | G14: 34.233 | H14: =IFERROR(INDEX('Tagging key'!D:D, MATCH(F14,'Tagging key'!C:C,0)),"") -> 66.29 | I14: =IFERROR(INDEX('Tagging key'!E:E, MATCH(F14,'Tagging key'!C:C,0)),"") -> 47.34 | J14: =IFERROR(INDEX('Tagging key'!F:F, MATCH(F14,'Tagging key'!C:C,0)),"") -> 15.65 | K14: 34.229 | L14: 66.77 | M14: 48.18 | N14: 19.8 | P14: 45882 | Q14: 45882 | R14: 21.574
A15: 1 | B15: 4 | C15: Warm | D15: Mussel | E15: G30 | F15: M_G30 | G15: 82.3 | H15: =IFERROR(INDEX('Tagging key'!D:D, MATCH(F15,'Tagging key'!C:C,0)),"") -> 96 | I15: =IFERROR(INDEX('Tagging key'!E:E, MATCH(F15,'Tagging key'!C:C,0)),"") -> 46 | J15: =IFERROR(INDEX('Tagging key'!F:F, MATCH(F15,'Tagging key'!C:C,0)),"") -> 37 | K15: 82.115 | L15: 98.74 | M15: 47.44 | N15: 36.25 | P15: 45882 | Q15: 45882 | R15: 23.783
A16: 1 | B16: 4 | C16: Warm | D16: Mussel | E16: B31 | F16: M_B31 | G16: 41.288 | H16: =IFERROR(INDEX('Tagging key'!D:D, MATCH(F16,'Tagging key'!C:C,0)),"") -> 75.98 | I16: =IFERROR(INDEX('Tagging key'!E:E, MATCH(F16,'Tagging key'!C:C,0)),"") -> 40.25 | J16: =IFERROR(INDEX('Tagging key'!F:F, MATCH(F16,'Tagging key'!C:C,0)),"") -> 27.05 | K16: 41.254 | L16: 70.85 | M16: 33.99 | N16: 23.42 | P16: 45877 | Q16: 45877
A17: 1 | B17: 4 | C17: Warm | D17: Mussel | E17: B67 | F17: M_B67 | G17: 79.137 | H17: =IFERROR(INDEX('Tagging key'!D:D, MATCH(F17,'Tagging key'!C:C,0)),"") -> 92.37 | I17: =IFERROR(INDEX('Tagging key'!E:E, MATCH(F17,'Tagging key'!C:C,0)),"") -> 47.28 | J17: =IFERROR(INDEX('Tagging key'!F:F, MATCH(F17,'Tagging key'!C:C,0)),"") -> 34.01 | K17: 78.926 | L17: 94.2 | M17: 45.59 | N17: 37.21 | P17: 45879 | Q17: 45879
A18: 1 | B18: 4 | C18: Warm | D18: Mussel | E18: R28 | F18: M_R28 | G18: 37.579 | H18: =IFERROR(INDEX('Tagging key'!D:D, MATCH(F18,'Tagging key'!C:C,0)),"") -> 74.19 | I18: =IFERROR(INDEX('Tagging key'!E:E, MATCH(F18,'Tagging key'!C:C,0)),"") -> 38.65 | J18: =IFERROR(INDEX('Tagging key'!F:F, MATCH(F18,'Tagging key'!C:C,0)),"") -> 27.59 | K18: 38.648 | L18: 74.26 | M18: 34.49 | N18: 28.23 | P18: 45886 | Q18: 45886
A19: 1 | B19: 5 | C19: Warm | D19: Mussel | E19: R82 | F19: M_R82 | G19: 42.545 | H19: =IFERROR(INDEX('Tagging key'!D:D, MATCH(F19,'Tagging key'!C:C,0)),"") -> 81 | I19: =IFERROR(INDEX('Tagging key'!E:E, MATCH(F19,'Tagging key'!C:C,0)),"") -> 41 | J19: =IFERROR(INDEX('Tagging key'!F:F, MATCH(F19,'Tagging key'!C:C,0)),"") -> 28 | K19: 48.897 | L19: 82.36 | M19: 40.42 | N19: 28.98 | P19: 45879 | Q19: 45879
A20: 1 | B20: 5 | C20: Warm | D20: Mussel | E20: B52 | F20: M_B52 | G20: 41.808 | H20: =IFERROR(INDEX('Tagging key'!D:D, MATCH(F20,'Tagging key'!C:C,0)),"") -> 77.14 | I20: =IFERROR(INDEX('Tagging key'!E:E, MATCH(F20,'Tagging key'!C:C,0)),"") -> 41.67 | J20: =IFERROR(INDEX('Tagging key'!F:F, MATCH(F20,'Tagging key'!C:C,0)),"") -> 27.56 | K20: 42.925 | L20: 73.25 | M20: 33.22 | N20: 22.36 | P20: 45877 | Q20: 45877
A21: 1 | B21: 5 | C21: Warm | D21: Mussel | E21: B93 | F21: M_B93 | G21: 48.348 | H21: =IFERROR(INDEX('Tagging key'!D:D, MATCH(F21,'Tagging key'!C:C,0)),"") -> 77 | I21: =IFERROR(INDEX('Tagging key'!E:E, MATCH(F21,'Tagging key'!C:C,0)),"") -> 39 | J21: =IFERROR(INDEX('Tagging key'!F:F, MATCH(F21,'Tagging key'!C:C,0)),"") -> 31 | K21: 59.117 | L21: 78.35 | M21: 39.34 | N21: 31.23 | P21: 45882 | Q21: 45882 | R21: 26.2
A22: 1 | B22: 5 | C22: Warm | D22: Mussel | E22: G1 | F22: M_G1 | G22: 46.31 | H22: =IFERROR(INDEX('Tagging key'!D:D, MATCH(F22,'Tagging key'!C:C,0)),"") -> 78 | I22: =IFERROR(INDEX('Tagging key'!E:E, MATCH(F22,'Tagging key'!C:C,0)),"") -> 40 | J22: =IFERROR(INDEX('Tagging key'!F:F, MATCH(F22,'Tagging key'!C:C,0)),"") -> 26 | K22: 47.335 | L22: 81.04 | M22: 40.92 | N22: 26.14 | P22: 45886 | Q22: 45886
A23: 1 | B23: 6 | C23: Warm | D23: Mussel | E23: G51 | F23: M_G51 | G23: 23.08 | H23: =IFERROR(INDEX('Tagging key'!D:D, MATCH(F23,'Tagging key'!C:C,0)),"") -> 62.3 | I23: =IFERROR(INDEX('Tagging key'!E:E, MATCH(F23,'Tagging key'!C:C,0)),"") -> 34.5 | J23: =IFERROR(INDEX('Tagging key'!F:F, MATCH(F23,'Tagging key'!C:C,0)),"") -> 21.4 | K23: 23.276 | L23: 63.05 | M23: 34.99 | N23: 22.39 | P23: 45879 | Q23: 45879 | S23: B47 Died 7/10, replaced with G51
A24: 1 | B24: 6 | C24: Warm | D24: Mussel | E24: B51 | F24: M_B51 | G24: 45.984 | H24: =IFERROR(INDEX('Tagging key'!D:D, MATCH(F24,'Tagging key'!C:C,0)),"") -> 76.72 | I24: =IFERROR(INDEX('Tagging key'!E:E, MATCH(F24,'Tagging key'!C:C,0)),"") -> 42.05 | J24: =IFERROR(INDEX('Tagging key'!F:F, MATCH(F24,'Tagging key'!C:C,0)),"") -> 26.28 | K24: 46.108 | L24: 71.5 | M24: 36.06 | N24: 21.64 | P24: 45877 | Q24: 45877
A25: 1 | B25: 6 | C25: Warm | D25: Mussel | E25: B69 | F25: M_B69 | G25: 31.393 | H25: =IFERROR(INDEX('Tagging key'!D:D, MATCH(F25,'Tagging key'!C:C,0)),"") -> 68 | I25: =IFERROR(INDEX('Tagging key'!E:E, MATCH(F25,'Tagging key'!C:C,0)),"") -> 33 | J25: =IFERROR(INDEX('Tagging key'!F:F, MATCH(F25,'Tagging key'!C:C,0)),"") -> 26 | K25: 31.966 | L25: 69.74 | M25: 34.26 | N25: 26.15 | P25: 45882 | Q25: 45882 | R25: 11.113
A26: 1 | B26: 6 | C26: Warm | D26: Mussel | E26: B94 | F26: M_B94 | G26: 51.927 | H26: =IFERROR(INDEX('Tagging key'!D:D, MATCH(F26,'Tagging key'!C:C,0)),"") -> 79 | I26: =IFERROR(INDEX('Tagging key'!E:E, MATCH(F26,'Tagging key'!C:C,0)),"") -> 37 | J26: =IFERROR(INDEX('Tagging key'!F:F, MATCH(F26,'Tagging key'!C:C,0)),"") -> 32 | K26: 52.339 | L26: 79.34 | M26: 37.27 | N26: 32.94 | P26: 45886 | Q26: 45886
A27: 1 | B27: 7 | C27: Warm | D27: Scallop | E27: Y32 | F27: S_Y32 | G27: 50.988 | H27: =IFERROR(INDEX('Tagging key'!D:D, MATCH(F27,'Tagging key'!C:C,0)),"") -> 69 | I27: =IFERROR(INDEX('Tagging key'!E:E, MATCH(F27,'Tagging key'!C:C,0)),"") -> 71.5 | J27: =IFERROR(INDEX('Tagging key'!F:F, MATCH(F27,'Tagging key'!C:C,0)),"") -> 18 | K27: 46.064 | L27: 69.92 | M27: 73.16 | N27: 21 | P27: 45882 | Q27: 45882 | R27: 23.565
A28: 1 | B28: 7 | C28: Warm | D28: Scallop | E28: G70 | F28: S_G70 | G28: 50.64 | H28: =IFERROR(INDEX('Tagging key'!D:D, MATCH(F28,'Tagging key'!C:C,0)),"") -> 71 | I28: =IFERROR(INDEX('Tagging key'!E:E, MATCH(F28,'Tagging key'!C:C,0)),"") -> 73 | J28: =IFERROR(INDEX('Tagging key'!F:F, MATCH(F28,'Tagging key'!C:C,0)),"") -> 20 | K28: 40.579 | L28: 70.88 | M28: 74.32 | N28: 21.2 | P28: 45886 | Q28: 45886 | S28: Was in as G79
A29: 1 | B29: 7 | C29: Warm | D29: Scallop | E29: Y54 | F29: S_Y54 | G29: 57.49 | H29: =IFERROR(INDEX('Tagging key'!D:D, MATCH(F29,'Tagging key'!C:C,0)),"") -> 71.5 | I29: =IFERROR(INDEX('Tagging key'!E:E, MATCH(F29,'Tagging key'!C:C,0)),"") -> 75.5 | J29: =IFERROR(INDEX('Tagging key'!F:F, MATCH(F29,'Tagging key'!C:C,0)),"") -> 20 | K29: 55.155 | L29: 73.62 | M29: 78.32 | N29: 23.12 | P29: 45879 | Q29: 45879 | R29: 20.813
A30: 1 | B30: 7 | C30: Warm | D30: Scallop | E30: Y74 | F30: S_Y74 | G30: 46.17 | H30: =IFERROR(INDEX('Tagging key'!D:D, MATCH(F30,'Tagging key'!C:C,0)),"") -> 66 | I30: =IFERROR(INDEX('Tagging key'!E:E, MATCH(F30,'Tagging key'!C:C,0)),"") -> 70 | J30: =IFERROR(INDEX('Tagging key'!F:F, MATCH(F30,'Tagging key'!C:C,0)),"") -> 17 | K30: 43.563 | L30: 63.06 | M30: 65.51 | N30: 14.5 | P30: 45877 | Q30: 45877
A31: 1 | B31: 8 | C31: Warm | D31: Scallop | E31: Y71 | F31: S_Y71 | G31: 70.19 | H31: =IFERROR(INDEX('Tagging key'!D:D, MATCH(F31,'Tagging key'!C:C,0)),"") -> 77 | I31: =IFERROR(INDEX('Tagging key'!E:E, MATCH(F31,'Tagging key'!C:C,0)),"") -> 80 | J31: =IFERROR(INDEX('Tagging key'!F:F, MATCH(F31,'Tagging key'!C:C,0)),"") -> 20 | K31: 66.168 | L31: 78.34 | M31: 81.95 | N31: 22.6 | P31: 45882 | Q31: 45882 | R31: 33.409
A32: 1 | B32: 8 | C32: Warm | D32: Scallop | E32: W57 | F32: S_W57 | G32: 43.73 | H32: =IFERROR(INDEX('Tagging key'!D:D, MATCH(F32,'Tagging key'!C:C,0)),"") -> 67 | I32: =IFERROR(INDEX('Tagging key'!E:E, MATCH(F32,'Tagging key'!C:C,0)),"") -> 70 | J32: =IFERROR(INDEX('Tagging key'!F:F, MATCH(F32,'Tagging key'!C:C,0)),"") -> 13 | K32: 40.048 | L32: 67.84 | M32: 71.9 | N32: 17.36 | P32: 45886 | Q32: 45886
A33: 1 | B33: 8 | C33: Warm | D33: Scallop | E33: G37 | F33: S_G37 | G33: 45.28 | H33: =IFERROR(INDEX('Tagging key'!D:D, MATCH(F33,'Tagging key'!C:C,0)),"") -> 69.62 | I33: =IFERROR(INDEX('Tagging key'!E:E, MATCH(F33,'Tagging key'!C:C,0)),"") -> 70.99 | J33: =IFERROR(INDEX('Tagging key'!F:F, MATCH(F33,'Tagging key'!C:C,0)),"") -> 17.56 | K33: 43.895 | L33: 66.21 | M33: 69.48 | N33: 14.26 | P33: 45877 | Q33: 45877
A34: 1 | B34: 8 | C34: Warm | D34: Scallop | E34: G50 | F34: S_G50 | G34: 46.96 | H34: =IFERROR(INDEX('Tagging key'!D:D, MATCH(F34,'Tagging key'!C:C,0)),"") -> 76 | I34: =IFERROR(INDEX('Tagging key'!E:E, MATCH(F34,'Tagging key'!C:C,0)),"") -> 74 | J34: =IFERROR(INDEX('Tagging key'!F:F, MATCH(F34,'Tagging key'!C:C,0)),"") -> 16.54 | K34: 43.487 | L34: 72.25 | M34: 70.2 | N34: 19 | P34: 45879 | Q34: 45879
A35: 1 | B35: 9 | C35: Warm | D35: Scallop | E35: B3 | F35: S_B3 | H35: =IFERROR(INDEX('Tagging key'!D:D, MATCH(F35,'Tagging key'!C:C,0)),"") | I35: =IFERROR(INDEX('Tagging key'!E:E, MATCH(F35,'Tagging key'!C:C,0)),"") | J35: =IFERROR(INDEX('Tagging key'!F:F, MATCH(F35,'Tagging key'!C:C,0)),"") | K35: 63.925 | L35: 74.74 | M35: 79.15 | N35: 15.8 | P35: 45877 | Q35: 45877 | S35: Y10 Died 7/10 | T35: G55B Died 7/14
A36: 1 | B36: 9 | C36: Warm | D36: Scallop | E36: B4 | F36: S_B4 | H36: =IFERROR(INDEX('Tagging key'!D:D, MATCH(F36,'Tagging key'!C:C,0)),"") | I36: =IFERROR(INDEX('Tagging key'!E:E, MATCH(F36,'Tagging key'!C:C,0)),"") | J36: =IFERROR(INDEX('Tagging key'!F:F, MATCH(F36,'Tagging key'!C:C,0)),"") | K36: 64.118 | L36: 79.66 | M36: 84.5 | N36: 21.52 | P36: 45879 | Q36: 45879 | S36: Y93 Died 7/10 | T36: G46B Died 7/14
A37: 1 | B37: 9 | C37: Warm | D37: Scallop | E37: B2 | F37: S_B2 | H37: =IFERROR(INDEX('Tagging key'!D:D, MATCH(F37,'Tagging key'!C:C,0)),"") | I37: =IFERROR(INDEX('Tagging key'!E:E, MATCH(F37,'Tagging key'!C:C,0)),"") | J37: =IFERROR(INDEX('Tagging key'!F:F, MATCH(F37,'Tagging key'!C:C,0)),"") | K37: 48.91 | L37: 71.35 | M37: 75.45 | N37: 19.71 | P37: 45882 | Q37: 45882 | T37: G34 Died 7/13
A38: 1 | B38: 9 | C38: Warm | D38: Scallop | E38: B1 | F38: S_B1 | H38: =IFERROR(INDEX('Tagging key'!D:D, MATCH(F38,'Tagging key'!C:C,0)),"") | I38: =IFERROR(INDEX('Tagging key'!E:E, MATCH(F38,'Tagging key'!C:C,0)),"") | J38: =IFERROR(INDEX('Tagging key'!F:F, MATCH(F38,'Tagging key'!C:C,0)),"") | K38: 57.301 | L38: 75.94 | M38: 81.98 | N38: 23 | P38: 45886 | Q38: 45886 | S38: G62 Died 7/10 | T38: G45B Died 7/13
A39: 2 | B39: 1 | C39: Multi | D39: Oyster | E39: W4 | F39: O_W4 | G39: 27.457 | H39: 66.92 | I39: 40.6 | J39: 14.18 | K39: 27.447 | L39: 66.41 | M39: 40.3 | N39: 15.3 | P39: 45886 | Q39: 45886
A40: 2 | B40: 1 | C40: Multi | D40: Oyster | E40: B100 | F40: O_B100 | G40: 28.461 | H40: =IFERROR(INDEX('Tagging key'!D:D, MATCH(F40,'Tagging key'!C:C,0)),"") -> 60 | I40: =IFERROR(INDEX('Tagging key'!E:E, MATCH(F40,'Tagging key'!C:C,0)),"") -> 48.92 | J40: =IFERROR(INDEX('Tagging key'!F:F, MATCH(F40,'Tagging key'!C:C,0)),"") -> 17.08 | K40: 28.301 | L40: 61 | M40: 46.24 | N40: 18.86 | P40: 45882 | Q40: 45882 | R40: 19.264
A41: 2 | B41: 1 | C41: Multi | D41: Oyster | E41: W48 | F41: O_W48 | G41: 36.899 | H41: =IFERROR(INDEX('Tagging key'!D:D, MATCH(F41,'Tagging key'!C:C,0)),"") -> 73.26 | I41: =IFERROR(INDEX('Tagging key'!E:E, MATCH(F41,'Tagging key'!C:C,0)),"") -> 50.23 | J41: =IFERROR(INDEX('Tagging key'!F:F, MATCH(F41,'Tagging key'!C:C,0)),"") -> 15.63 | K41: 36.508 | L41: 75.48 | M41: 49.99 | N41: 29.37 | P41: 45879 | Q41: 45879
A42: 2 | B42: 1 | C42: Multi | D42: Oyster | E42: B34 | F42: O_B34 | G42: 32.44 | H42: =IFERROR(INDEX('Tagging key'!D:D, MATCH(F42,'Tagging key'!C:C,0)),"") -> 62.42 | I42: =IFERROR(INDEX('Tagging key'!E:E, MATCH(F42,'Tagging key'!C:C,0)),"") -> 46.78 | J42: =IFERROR(INDEX('Tagging key'!F:F, MATCH(F42,'Tagging key'!C:C,0)),"") -> 17.42 | K42: 32.15 | L42: 64.07 | M42: 45.04 | N42: 17.9 | P42: 45877 | Q42: 45877
A43: 2 | B43: 2 | C43: Multi | D43: Oyster | E43: W16 | F43: O_W16 | G43: 26.719 | H43: =IFERROR(INDEX('Tagging key'!D:D, MATCH(F43,'Tagging key'!C:C,0)),"") -> 62.04 | I43: =IFERROR(INDEX('Tagging key'!E:E, MATCH(F43,'Tagging key'!C:C,0)),"") -> 54.99 | J43: =IFERROR(INDEX('Tagging key'!F:F, MATCH(F43,'Tagging key'!C:C,0)),"") -> 18.24 | K43: 26.424 | L43: 63.18 | M43: 43.61 | N43: 18.31 | P43: 45877 | Q43: 45877
A44: 2 | B44: 2 | C44: Multi | D44: Oyster | E44: B64 | F44: O_B64 | G44: 38.066 | H44: =IFERROR(INDEX('Tagging key'!D:D, MATCH(F44,'Tagging key'!C:C,0)),"") -> 68.49 | I44: =IFERROR(INDEX('Tagging key'!E:E, MATCH(F44,'Tagging key'!C:C,0)),"") -> 49.5 | J44: =IFERROR(INDEX('Tagging key'!F:F, MATCH(F44,'Tagging key'!C:C,0)),"") -> 17.69 | K44: 37.857 | L44: 69.12 | M44: 47.53 | N44: 18.98 | P44: 45879 | Q44: 45879
A45: 2 | B45: 2 | C45: Multi | D45: Oyster | E45: B8 | F45: O_B8 | G45: 39.246 | H45: =IFERROR(INDEX('Tagging key'!D:D, MATCH(F45,'Tagging key'!C:C,0)),"") -> 70.41 | I45: =IFERROR(INDEX('Tagging key'!E:E, MATCH(F45,'Tagging key'!C:C,0)),"") -> 53.1 | J45: =IFERROR(INDEX('Tagging key'!F:F, MATCH(F45,'Tagging key'!C:C,0)),"") -> 14.98 | K45: 38.58 | L45: 71.09 | M45: 54.49 | N45: 20.36 | P45: 45882 | Q45: 45882 | R45: 25.088
A46: 2 | B46: 2 | C46: Multi | D46: Oyster | E46: W40 | F46: O_W40 | G46: 31.29 | H46: =IFERROR(INDEX('Tagging key'!D:D, MATCH(F46,'Tagging key'!C:C,0)),"") -> 65.94 | I46: =IFERROR(INDEX('Tagging key'!E:E, MATCH(F46,'Tagging key'!C:C,0)),"") -> 54.06 | J46: =IFERROR(INDEX('Tagging key'!F:F, MATCH(F46,'Tagging key'!C:C,0)),"") -> 21.23 | K46: 30.584 | L46: 67.8 | M46: 43.44 | N46: 18.89 | P46: 45886 | Q46: 45886
A47: 2 | B47: 3 | C47: Multi | D47: Oyster | E47: B89B | F47: O_B89B | G47: 40.51 | H47: =IFERROR(INDEX('Tagging key'!D:D, MATCH(F47,'Tagging key'!C:C,0)),"") -> 74.52 | I47: =IFERROR(INDEX('Tagging key'!E:E, MATCH(F47,'Tagging key'!C:C,0)),"") -> 46.59 | J47: =IFERROR(INDEX('Tagging key'!F:F, MATCH(F47,'Tagging key'!C:C,0)),"") -> 17.47 | K47: 40.17 | L47: 74.8 | M47: 44.95 | N47: 17.98 | P47: 45877 | Q47: 45877
A48: 2 | B48: 3 | C48: Multi | D48: Oyster | E48: W9B | F48: O_W9B | G48: 26.825 | H48: =IFERROR(INDEX('Tagging key'!D:D, MATCH(F48,'Tagging key'!C:C,0)),"") -> 63.35 | I48: =IFERROR(INDEX('Tagging key'!E:E, MATCH(F48,'Tagging key'!C:C,0)),"") -> 50.79 | J48: =IFERROR(INDEX('Tagging key'!F:F, MATCH(F48,'Tagging key'!C:C,0)),"") -> 14.3 | K48: 26.688 | L48: 65.52 | M48: 41.91 | N48: 17.1 | P48: 45879 | Q48: 45879
A49: 2 | B49: 3 | C49: Multi | D49: Oyster | E49: B52 | F49: O_B52 | G49: 31.635 | H49: =IFERROR(INDEX('Tagging key'!D:D, MATCH(F49,'Tagging key'!C:C,0)),"") -> 67.83 | I49: =IFERROR(INDEX('Tagging key'!E:E, MATCH(F49,'Tagging key'!C:C,0)),"") -> 52.61 | J49: =IFERROR(INDEX('Tagging key'!F:F, MATCH(F49,'Tagging key'!C:C,0)),"") -> 16.87 | K49: 31.57 | L49: 68.53 | M49: 50.15 | N49: 18.72 | P49: 45886 | Q49: 45886
A50: 2 | B50: 3 | C50: Multi | D50: Oyster | E50: B28 | F50: O_B28 | G50: 16.793 | H50: =IFERROR(INDEX('Tagging key'!D:D, MATCH(F50,'Tagging key'!C:C,0)),"") -> 56.39 | I50: =IFERROR(INDEX('Tagging key'!E:E, MATCH(F50,'Tagging key'!C:C,0)),"") -> 35.68 | J50: =IFERROR(INDEX('Tagging key'!F:F, MATCH(F50,'Tagging key'!C:C,0)),"") -> 13.34 | K50: 16.68 | L50: 56.34 | M50: 35.33 | N50: 13.2 | P50: 45882 | Q50: 45882 | R50: 11.089
A51: 2 | B51: 4 | C51: Multi | D51: Scallop | E51: G75 | F51: S_G75 | G51: 48.183 | H51: =IFERROR(INDEX('Tagging key'!D:D, MATCH(F51,'Tagging key'!C:C,0)),"") -> 68 | I51: =IFERROR(INDEX('Tagging key'!E:E, MATCH(F51,'Tagging key'!C:C,0)),"") -> 72 | J51: =IFERROR(INDEX('Tagging key'!F:F, MATCH(F51,'Tagging key'!C:C,0)),"") -> 20 | K51: 44.486 | L51: 69.11 | M51: 73.06 | N51: 21.12 | P51: 45886 | Q51: 45886
A52: 2 | B52: 4 | C52: Multi | D52: Scallop | E52: G13 | F52: S_G13 | G52: 71.097 | H52: =IFERROR(INDEX('Tagging key'!D:D, MATCH(F52,'Tagging key'!C:C,0)),"") -> 76.95 | I52: =IFERROR(INDEX('Tagging key'!E:E, MATCH(F52,'Tagging key'!C:C,0)),"") -> 79.83 | J52: =IFERROR(INDEX('Tagging key'!F:F, MATCH(F52,'Tagging key'!C:C,0)),"") -> 21.01 | K52: 67.549 | L52: 77.55 | M52: 80.64 | N52: 23.2 | P52: 45877 | Q52: 45877
A53: 2 | B53: 4 | C53: Multi | D53: Scallop | E53: G69B | F53: S_G69B | G53: 48.205 | H53: =IFERROR(INDEX('Tagging key'!D:D, MATCH(F53,'Tagging key'!C:C,0)),"") -> 70 | I53: =IFERROR(INDEX('Tagging key'!E:E, MATCH(F53,'Tagging key'!C:C,0)),"") -> 70 | J53: =IFERROR(INDEX('Tagging key'!F:F, MATCH(F53,'Tagging key'!C:C,0)),"") -> 20 | K53: 44.747 | L53: 68.95 | M53: 71.6 | N53: 20.99 | P53: 45882 | Q53: 45882 | R53: 21.953
A54: 2 | B54: 4 | C54: Multi | D54: Scallop | E54: G59 | F54: S_G59 | G54: 56.186 | H54: =IFERROR(INDEX('Tagging key'!D:D, MATCH(F54,'Tagging key'!C:C,0)),"") -> 71 | I54: =IFERROR(INDEX('Tagging key'!E:E, MATCH(F54,'Tagging key'!C:C,0)),"") -> 76 | J54: =IFERROR(INDEX('Tagging key'!F:F, MATCH(F54,'Tagging key'!C:C,0)),"") -> 18 | K54: 51.919 | L54: 72.92 | M54: 77.75 | N54: 19.42 | P54: 45879 | Q54: 45879
A55: 2 | B55: 5 | C55: Multi | D55: Scallop | E55: W89B | F55: S_W89B | G55: 62.297 | H55: =IFERROR(INDEX('Tagging key'!D:D, MATCH(F55,'Tagging key'!C:C,0)),"") -> 70 | I55: =IFERROR(INDEX('Tagging key'!E:E, MATCH(F55,'Tagging key'!C:C,0)),"") -> 73 | J55: =IFERROR(INDEX('Tagging key'!F:F, MATCH(F55,'Tagging key'!C:C,0)),"") -> 22 | K55: 59.105 | L55: 70.37 | M55: 74.41 | N55: 21.84 | P55: 45886 | Q55: 45886
A56: 2 | B56: 5 | C56: Multi | D56: Scallop | E56: G30 | F56: S_G30 | G56: 76.859 | H56: =IFERROR(INDEX('Tagging key'!D:D, MATCH(F56,'Tagging key'!C:C,0)),"") -> 79.58 | I56: =IFERROR(INDEX('Tagging key'!E:E, MATCH(F56,'Tagging key'!C:C,0)),"") -> 83.78 | J56: =IFERROR(INDEX('Tagging key'!F:F, MATCH(F56,'Tagging key'!C:C,0)),"") -> 21.54 | K56: 74.944 | L56: 79.51 | M56: 84.37 | N56: 23.34 | P56: 45882 | Q56: 45882 | R56: 36.197
A57: 2 | B57: 5 | C57: Multi | D57: Scallop | E57: W61 | F57: S_W61 | G57: 63.313 | H57: =IFERROR(INDEX('Tagging key'!D:D, MATCH(F57,'Tagging key'!C:C,0)),"") -> 76 | I57: =IFERROR(INDEX('Tagging key'!E:E, MATCH(F57,'Tagging key'!C:C,0)),"") -> 80 | J57: =IFERROR(INDEX('Tagging key'!F:F, MATCH(F57,'Tagging key'!C:C,0)),"") -> 17 | K57: 56.642 | L57: 76.66 | M57: 80.18 | N57: 21.06 | P57: 45877 | Q57: 45877
A58: 2 | B58: 5 | C58: Multi | D58: Scallop | E58: W63 | F58: S_W63 | G58: 47.87 | H58: =IFERROR(INDEX('Tagging key'!D:D, MATCH(F58,'Tagging key'!C:C,0)),"") -> 71 | I58: =IFERROR(INDEX('Tagging key'!E:E, MATCH(F58,'Tagging key'!C:C,0)),"") -> 74 | J58: =IFERROR(INDEX('Tagging key'!F:F, MATCH(F58,'Tagging key'!C:C,0)),"") -> 16 | K58: 46.23 | L58: 72.23 | M58: 75.55 | N58: 19.75 | P58: 45879 | Q58: 45879
A59: 2 | B59: 6 | C59: Multi | D59: Scallop | E59: G43B | F59: S_G43B | G59: 42.903 | H59: =IFERROR(INDEX('Tagging key'!D:D, MATCH(F59,'Tagging key'!C:C,0)),"") -> 76.8 | I59: =IFERROR(INDEX('Tagging key'!E:E, MATCH(F59,'Tagging key'!C:C,0)),"") -> 80.7 | J59: =IFERROR(INDEX('Tagging key'!F:F, MATCH(F59,'Tagging key'!C:C,0)),"") -> 19.6 | K59: 56.774 | L59: 78.44 | M59: 80.35 | N59: 20.55 | P59: 45877 | Q59: 45877 | R59: 26.716 | S59: Y77 Died 7/10
A60: 2 | B60: 6 | C60: Multi | D60: Scallop | E60: G54B | F60: S_G54B | G60: 62.81 | H60: =IFERROR(INDEX('Tagging key'!D:D, MATCH(F60,'Tagging key'!C:C,0)),"") -> 75.1 | I60: =IFERROR(INDEX('Tagging key'!E:E, MATCH(F60,'Tagging key'!C:C,0)),"") -> 80.5 | J60: =IFERROR(INDEX('Tagging key'!F:F, MATCH(F60,'Tagging key'!C:C,0)),"") -> 19 | K60: 58.648 | L60: 75.43 | M60: 80.96 | N60: 21.48 | P60: 45882 | Q60: 45882 | R60: 25.275 | S60: Y27 Died 7/6
A61: 2 | B61: 6 | C61: Multi | D61: Scallop | E61: Y30 | F61: S_Y30 | G61: 52.339 | H61: =IFERROR(INDEX('Tagging key'!D:D, MATCH(F61,'Tagging key'!C:C,0)),"") -> 68.5 | I61: =IFERROR(INDEX('Tagging key'!E:E, MATCH(F61,'Tagging key'!C:C,0)),"") -> 73.5 | J61: =IFERROR(INDEX('Tagging key'!F:F, MATCH(F61,'Tagging key'!C:C,0)),"") -> 19 | K61: 49.302 | L61: 70.35 | M61: 75.18 | N61: 20.62 | P61: 45879 | Q61: 45879
A62: 2 | B62: 6 | C62: Multi | D62: Scallop | E62: G99 | F62: S_G99 | G62: 43.999 | H62: =IFERROR(INDEX('Tagging key'!D:D, MATCH(F62,'Tagging key'!C:C,0)),"") -> 70 | I62: =IFERROR(INDEX('Tagging key'!E:E, MATCH(F62,'Tagging key'!C:C,0)),"") -> 70 | J62: =IFERROR(INDEX('Tagging key'!F:F, MATCH(F62,'Tagging key'!C:C,0)),"") -> 17 | K62: 37.642 | L62: 70.39 | M62: 70.74 | N62: 18.77 | P62: 45886 | Q62: 45886
A63: 2 | B63: 7 | C63: Multi | D63: Mussel | E63: B25 | F63: M_B25 | G63: 61.019 | H63: =IFERROR(INDEX('Tagging key'!D:D, MATCH(F63,'Tagging key'!C:C,0)),"") -> 87.35 | I63: =IFERROR(INDEX('Tagging key'!E:E, MATCH(F63,'Tagging key'!C:C,0)),"") -> 43.95 | J63: =IFERROR(INDEX('Tagging key'!F:F, MATCH(F63,'Tagging key'!C:C,0)),"") -> 31.82 | K63: 61.3 | L63: 86.99 | M63: 40.82 | N63: 33.44 | P63: 45877 | Q63: 45877
A64: 2 | B64: 7 | C64: Multi | D64: Mussel | E64: B20 | F64: M_B20 | G64: 69.18 | H64: =IFERROR(INDEX('Tagging key'!D:D, MATCH(F64,'Tagging key'!C:C,0)),"") -> 92.03 | I64: =IFERROR(INDEX('Tagging key'!E:E, MATCH(F64,'Tagging key'!C:C,0)),"") -> 47.6 | J64: =IFERROR(INDEX('Tagging key'!F:F, MATCH(F64,'Tagging key'!C:C,0)),"") -> 29.07 | K64: 67.334 | L64: 92.83 | M64: 43.97 | N64: 32.55 | P64: 45879 | Q64: 45879
A65: 2 | B65: 7 | C65: Multi | D65: Mussel | E65: B88 | F65: M_B88 | G65: 30.935 | H65: =IFERROR(INDEX('Tagging key'!D:D, MATCH(F65,'Tagging key'!C:C,0)),"") -> 68 | I65: =IFERROR(INDEX('Tagging key'!E:E, MATCH(F65,'Tagging key'!C:C,0)),"") -> 35 | J65: =IFERROR(INDEX('Tagging key'!F:F, MATCH(F65,'Tagging key'!C:C,0)),"") -> 30 | K65: 31.614 | L65: 69.12 | M65: 35.46 | N65: 25.07 | P65: 45882 | Q65: 45882 | R65: 10.635
A66: 2 | B66: 7 | C66: Multi | D66: Mussel | E66: B38 | F66: M_B38 | G66: 47.495 | H66: =IFERROR(INDEX('Tagging key'!D:D, MATCH(F66,'Tagging key'!C:C,0)),"") -> 79.67 | I66: =IFERROR(INDEX('Tagging key'!E:E, MATCH(F66,'Tagging key'!C:C,0)),"") -> 43.19 | J66: =IFERROR(INDEX('Tagging key'!F:F, MATCH(F66,'Tagging key'!C:C,0)),"") -> 27.48 | K66: 47.252 | L66: 78.38 | M66: 40.67 | N66: 28.65 | P66: 45886 | Q66: 45886
A67: 2 | B67: 8 | C67: Multi | D67: Mussel | E67: B65 | F67: M_B65 | G67: 65.023 | H67: =IFERROR(INDEX('Tagging key'!D:D, MATCH(F67,'Tagging key'!C:C,0)),"") -> 87.4 | I67: =IFERROR(INDEX('Tagging key'!E:E, MATCH(F67,'Tagging key'!C:C,0)),"") -> 42.32 | J67: =IFERROR(INDEX('Tagging key'!F:F, MATCH(F67,'Tagging key'!C:C,0)),"") -> 33.34 | S67: Missing 17-Aug-25
A68: 2 | B68: 8 | C68: Multi | D68: Mussel | E68: G22 | F68: M_G22 | G68: 32.79 | H68: =IFERROR(INDEX('Tagging key'!D:D, MATCH(F68,'Tagging key'!C:C,0)),"") -> 71 | I68: =IFERROR(INDEX('Tagging key'!E:E, MATCH(F68,'Tagging key'!C:C,0)),"") -> 37 | J68: =IFERROR(INDEX('Tagging key'!F:F, MATCH(F68,'Tagging key'!C:C,0)),"") -> 24 | K68: 33.481 | L68: 72.79 | M68: 38.22 | N68: 24.54 | P68: 45877 | Q68: 45877
A69: 2 | B69: 8 | C69: Multi | D69: Mussel | E69: B40 | F69: M_B40 | G69: 32.395 | H69: =IFERROR(INDEX('Tagging key'!D:D, MATCH(F69,'Tagging key'!C:C,0)),"") -> 68.95 | I69: =IFERROR(INDEX('Tagging key'!E:E, MATCH(F69,'Tagging key'!C:C,0)),"") -> 40.11 | J69: =IFERROR(INDEX('Tagging key'!F:F, MATCH(F69,'Tagging key'!C:C,0)),"") -> 23.49 | K69: 33.782 | L69: 69.18 | M69: 35.68 | N69: 26.31 | P69: 45879 | Q69: 45879
A70: 2 | B70: 8 | C70: Multi | D70: Mussel | E70: R58 | F70: M_R58 | G70: 40.071 | H70: =IFERROR(INDEX('Tagging key'!D:D, MATCH(F70,'Tagging key'!C:C,0)),"") -> 76 | I70: =IFERROR(INDEX('Tagging key'!E:E, MATCH(F70,'Tagging key'!C:C,0)),"") -> 38 | J70: =IFERROR(INDEX('Tagging key'!F:F, MATCH(F70,'Tagging key'!C:C,0)),"") -> 26 | K70: 40.614 | L70: 76.53 | M70: 39.47 | N70: 27.59 | P70: 45882 | Q70: 45882 | R70: 14.01
A71: 2 | B71: 9 | C71: Multi | D71: Mussel | E71: B54 | F71: M_B54 | G71: 46.373 | H71: =IFERROR(INDEX('Tagging key'!D:D, MATCH(F71,'Tagging key'!C:C,0)),"") -> 80.18 | I71: =IFERROR(INDEX('Tagging key'!E:E, MATCH(F71,'Tagging key'!C:C,0)),"") -> 40.82 | J71: =IFERROR(INDEX('Tagging key'!F:F, MATCH(F71,'Tagging key'!C:C,0)),"") -> 27.55 | K71: 46.796 | L71: 79.3 | M71: 39.75 | N71: 29.1 | P71: 45886 | Q71: 45886
A72: 2 | B72: 9 | C72: Multi | D72: Mussel | E72: B30 | F72: M_B30 | G72: 34.953 | H72: =IFERROR(INDEX('Tagging key'!D:D, MATCH(F72,'Tagging key'!C:C,0)),"") -> 68.77 | I72: =IFERROR(INDEX('Tagging key'!E:E, MATCH(F72,'Tagging key'!C:C,0)),"") -> 36.8 | J72: =IFERROR(INDEX('Tagging key'!F:F, MATCH(F72,'Tagging key'!C:C,0)),"") -> 28.44 | K72: 35.672 | L72: 68.69 | M72: 34.87 | N72: 28.28 | P72: 45877 | Q72: 45877
A73: 2 | B73: 9 | C73: Multi | D73: Mussel | E73: B32 | F73: M_B32 | G73: 48.282 | H73: =IFERROR(INDEX('Tagging key'!D:D, MATCH(F73,'Tagging key'!C:C,0)),"") -> 78.84 | I73: =IFERROR(INDEX('Tagging key'!E:E, MATCH(F73,'Tagging key'!C:C,0)),"") -> 36.63 | J73: =IFERROR(INDEX('Tagging key'!F:F, MATCH(F73,'Tagging key'!C:C,0)),"") -> 28.68 | K73: 48.61 | L73: 78.72 | M73: 36.94 | N73: 29.54 | P73: 45882 | Q73: 45882
A74: 2 | B74: 9 | C74: Multi | D74: Mussel | E74: B16 | F74: M_B16 | G74: 23.081 | H74: =IFERROR(INDEX('Tagging key'!D:D, MATCH(F74,'Tagging key'!C:C,0)),"") -> 63 | I74: =IFERROR(INDEX('Tagging key'!E:E, MATCH(F74,'Tagging key'!C:C,0)),"") -> 32 | J74: =IFERROR(INDEX('Tagging key'!F:F, MATCH(F74,'Tagging key'!C:C,0)),"") -> 22 | K74: 21.115 | L74: 63.37 | M74: 33.41 | N74: 23 | P74: 45879 | Q74: 45879
A75: 3 | B75: 1 | C75: Ambient | D75: Mussel | E75: B42 | F75: M_B42 | G75: 50.384 | H75: =IFERROR(INDEX('Tagging key'!D:D, MATCH(F75,'Tagging key'!C:C,0)),"") -> 82.34 | I75: =IFERROR(INDEX('Tagging key'!E:E, MATCH(F75,'Tagging key'!C:C,0)),"") -> 43.01 | J75: =IFERROR(INDEX('Tagging key'!F:F, MATCH(F75,'Tagging key'!C:C,0)),"") -> 27.64 | K75: 50.705 | L75: 82.21 | M75: 42.34 | N75: 29.43 | P75: 45882 | Q75: 45882 | R75: 17.1
A76: 3 | B76: 1 | C76: Ambient | D76: Mussel | E76: B79 | F76: M_B79 | G76: 57.548 | H76: =IFERROR(INDEX('Tagging key'!D:D, MATCH(F76,'Tagging key'!C:C,0)),"") -> 83.57 | I76: =IFERROR(INDEX('Tagging key'!E:E, MATCH(F76,'Tagging key'!C:C,0)),"") -> 41.01 | J76: =IFERROR(INDEX('Tagging key'!F:F, MATCH(F76,'Tagging key'!C:C,0)),"") -> 30.63 | K76: 58.435 | L76: 84.3 | M76: 40.46 | N76: 33.23 | P76: 45886 | Q76: 45886
A77: 3 | B77: 1 | C77: Ambient | D77: Mussel | E77: B36 | F77: M_B36 | G77: 34.802 | H77: =IFERROR(INDEX('Tagging key'!D:D, MATCH(F77,'Tagging key'!C:C,0)),"") -> 74 | I77: =IFERROR(INDEX('Tagging key'!E:E, MATCH(F77,'Tagging key'!C:C,0)),"") -> 34 | J77: =IFERROR(INDEX('Tagging key'!F:F, MATCH(F77,'Tagging key'!C:C,0)),"") -> 27 | K77: 35.621 | L77: 74.59 | M77: 36.23 | N77: 27.66 | P77: 45879 | Q77: 45879
A78: 3 | B78: 1 | C78: Ambient | D78: Mussel | E78: R73 | F78: M_R73 | G78: 24.316 | H78: =IFERROR(INDEX('Tagging key'!D:D, MATCH(F78,'Tagging key'!C:C,0)),"") -> 62.57 | I78: =IFERROR(INDEX('Tagging key'!E:E, MATCH(F78,'Tagging key'!C:C,0)),"") -> 36.05 | J78: =IFERROR(INDEX('Tagging key'!F:F, MATCH(F78,'Tagging key'!C:C,0)),"") -> 23.88 | K78: 24.919 | L78: 63.48 | M78: 33.43 | N78: 24.1 | P78: 45877 | Q78: 45877
A79: 3 | B79: 2 | C79: Ambient | D79: Mussel | E79: G17 | F79: M_G17 | G79: 33.821 | H79: =IFERROR(INDEX('Tagging key'!D:D, MATCH(F79,'Tagging key'!C:C,0)),"") -> 67 | I79: =IFERROR(INDEX('Tagging key'!E:E, MATCH(F79,'Tagging key'!C:C,0)),"") -> 37 | J79: =IFERROR(INDEX('Tagging key'!F:F, MATCH(F79,'Tagging key'!C:C,0)),"") -> 25 | K79: 35.338 | L79: 69.76 | M79: 39.19 | N79: 27.54 | P79: 45879 | Q79: 45879
A80: 3 | B80: 2 | C80: Ambient | D80: Mussel | E80: B92 | F80: M_B92 | G80: 35.927 | H80: =IFERROR(INDEX('Tagging key'!D:D, MATCH(F80,'Tagging key'!C:C,0)),"") -> 71 | I80: =IFERROR(INDEX('Tagging key'!E:E, MATCH(F80,'Tagging key'!C:C,0)),"") -> 36 | J80: =IFERROR(INDEX('Tagging key'!F:F, MATCH(F80,'Tagging key'!C:C,0)),"") -> 26 | K80: 36.684 | L80: 73.28 | M80: 36.57 | N80: 26.83 | P80: 45877 | Q80: 45877
A81: 3 | B81: 2 | C81: Ambient | D81: Mussel | E81: B76 | F81: M_B76 | G81: 72.829 | H81: =IFERROR(INDEX('Tagging key'!D:D, MATCH(F81,'Tagging key'!C:C,0)),"") -> 86 | I81: =IFERROR(INDEX('Tagging key'!E:E, MATCH(F81,'Tagging key'!C:C,0)),"") -> 42 | J81: =IFERROR(INDEX('Tagging key'!F:F, MATCH(F81,'Tagging key'!C:C,0)),"") -> 36 | K81: 73.531 | L81: 87.58 | M81: 42.9 | N81: 35.12 | P81: 45882 | Q81: 45882 | R81: 23.233
A82: 3 | B82: 2 | C82: Ambient | D82: Mussel | E82: B61 | F82: M_B61 | G82: 46.684 | H82: 80.85 | I82: 36.7 | J82: 28.72 | K82: 48.404 | L82: 79.67 | M82: 37.55 | N82: 28.65 | P82: 45886 | Q82: 45886 | R82: 17.401
A83: 3 | B83: 3 | C83: Ambient | D83: Mussel | E83: R88 | F83: M_R88 | G83: 30.41 | H83: =IFERROR(INDEX('Tagging key'!D:D, MATCH(F83,'Tagging key'!C:C,0)),"") -> 74.71 | I83: =IFERROR(INDEX('Tagging key'!E:E, MATCH(F83,'Tagging key'!C:C,0)),"") -> 36.57 | J83: =IFERROR(INDEX('Tagging key'!F:F, MATCH(F83,'Tagging key'!C:C,0)),"") -> 24.26 | K83: 31.028 | L83: 74.77 | M83: 35.47 | N83: 24.35 | P83: 45882 | Q83: 45882 | R83: 9.5
A84: 3 | B84: 3 | C84: Ambient | D84: Mussel | E84: R92 | F84: M_R92 | G84: 28.675 | H84: =IFERROR(INDEX('Tagging key'!D:D, MATCH(F84,'Tagging key'!C:C,0)),"") -> 66.65 | I84: =IFERROR(INDEX('Tagging key'!E:E, MATCH(F84,'Tagging key'!C:C,0)),"") -> 36.11 | J84: =IFERROR(INDEX('Tagging key'!F:F, MATCH(F84,'Tagging key'!C:C,0)),"") -> 23.97 | K84: 28.64 | L84: 66.25 | M84: 33.86 | N84: 24.15 | P84: 45879 | Q84: 45879
A85: 3 | B85: 3 | C85: Ambient | D85: Mussel | E85: B21 | F85: M_B21 | G85: 52.596 | H85: =IFERROR(INDEX('Tagging key'!D:D, MATCH(F85,'Tagging key'!C:C,0)),"") -> 76 | I85: =IFERROR(INDEX('Tagging key'!E:E, MATCH(F85,'Tagging key'!C:C,0)),"") -> 36 | J85: =IFERROR(INDEX('Tagging key'!F:F, MATCH(F85,'Tagging key'!C:C,0)),"") -> 31 | K85: 53.079 | L85: 77.83 | M85: 36.15 | N85: 32.62 | P85: 45877 | Q85: 45877
A86: 3 | B86: 3 | C86: Ambient | D86: Mussel | E86: R55 | F86: M_R55 | G86: 36.915 | H86: =IFERROR(INDEX('Tagging key'!D:D, MATCH(F86,'Tagging key'!C:C,0)),"") -> 72.56 | I86: =IFERROR(INDEX('Tagging key'!E:E, MATCH(F86,'Tagging key'!C:C,0)),"") -> 33.85 | J86: =IFERROR(INDEX('Tagging key'!F:F, MATCH(F86,'Tagging key'!C:C,0)),"") -> 28.26 | K86: 37.755 | L86: 72.06 | M86: 33.61 | N86: 27.46 | P86: 45886 | Q86: 45886
A87: 3 | B87: 4 | C87: Ambient | D87: Oyster | E87: B97 | F87: O_B97 | G87: 25.6 | H87: =IFERROR(INDEX('Tagging key'!D:D, MATCH(F87,'Tagging key'!C:C,0)),"") -> 67.74 | I87: =IFERROR(INDEX('Tagging key'!E:E, MATCH(F87,'Tagging key'!C:C,0)),"") -> 52.86 | J87: =IFERROR(INDEX('Tagging key'!F:F, MATCH(F87,'Tagging key'!C:C,0)),"") -> 13.98 | K87: 25.363 | L87: 69.96 | M87: 38.26 | N87: 16.01 | P87: 45882 | Q87: 45882 | R87: 17.207
A88: 3 | B88: 4 | C88: Ambient | D88: Oyster | E88: B47 | F88: O_B47 | G88: 37.671 | H88: =IFERROR(INDEX('Tagging key'!D:D, MATCH(F88,'Tagging key'!C:C,0)),"") -> 64.23 | I88: =IFERROR(INDEX('Tagging key'!E:E, MATCH(F88,'Tagging key'!C:C,0)),"") -> 53.31 | J88: =IFERROR(INDEX('Tagging key'!F:F, MATCH(F88,'Tagging key'!C:C,0)),"") -> 20.28 | K88: 37.479 | L88: 67.05 | M88: 58.15 | N88: 19.01 | P88: 45879 | Q88: 45879
A89: 3 | B89: 4 | C89: Ambient | D89: Oyster | E89: B86 | F89: O_B86 | G89: 33.343 | H89: =IFERROR(INDEX('Tagging key'!D:D, MATCH(F89,'Tagging key'!C:C,0)),"") -> 63.71 | I89: =IFERROR(INDEX('Tagging key'!E:E, MATCH(F89,'Tagging key'!C:C,0)),"") -> 50.88 | J89: =IFERROR(INDEX('Tagging key'!F:F, MATCH(F89,'Tagging key'!C:C,0)),"") -> 20.29 | K89: 33.292 | L89: 67.46 | M89: 46.74 | N89: 21.11 | P89: 45886 | Q89: 45886
A90: 3 | B90: 4 | C90: Ambient | D90: Oyster | E90: B31 | F90: O_B31 | G90: 33.915 | H90: =IFERROR(INDEX('Tagging key'!D:D, MATCH(F90,'Tagging key'!C:C,0)),"") -> 70.85 | I90: =IFERROR(INDEX('Tagging key'!E:E, MATCH(F90,'Tagging key'!C:C,0)),"") -> 52.01 | J90: =IFERROR(INDEX('Tagging key'!F:F, MATCH(F90,'Tagging key'!C:C,0)),"") -> 15.07 | K90: 33.596 | L90: 72.12 | M90: 43.37 | N90: 17.62 | P90: 45877 | Q90: 45877
A91: 3 | B91: 5 | C91: Ambient | D91: Oyster | E91: W27 | F91: O_W27 | G91: 34.793 | H91: =IFERROR(INDEX('Tagging key'!D:D, MATCH(F91,'Tagging key'!C:C,0)),"") -> 78.4 | I91: =IFERROR(INDEX('Tagging key'!E:E, MATCH(F91,'Tagging key'!C:C,0)),"") -> 49.51 | J91: =IFERROR(INDEX('Tagging key'!F:F, MATCH(F91,'Tagging key'!C:C,0)),"") -> 16.87 | K91: 34.371 | L91: 77.93 | M91: 47.37 | N91: 17.4 | P91: 45879 | Q91: 45879
A92: 3 | B92: 5 | C92: Ambient | D92: Oyster | E92: B60 | F92: O_B60 | G92: 22.106 | H92: =IFERROR(INDEX('Tagging key'!D:D, MATCH(F92,'Tagging key'!C:C,0)),"") -> 73.05 | I92: =IFERROR(INDEX('Tagging key'!E:E, MATCH(F92,'Tagging key'!C:C,0)),"") -> 38.82 | J92: =IFERROR(INDEX('Tagging key'!F:F, MATCH(F92,'Tagging key'!C:C,0)),"") -> 12.29 | K92: 22.126 | L92: 73.94 | M92: 39.85 | N92: 12.81 | P92: 45877 | Q92: 45877
A93: 3 | B93: 5 | C93: Ambient | D93: Oyster | E93: B46 | F93: O_B46 | G93: 40.512 | H93: =IFERROR(INDEX('Tagging key'!D:D, MATCH(F93,'Tagging key'!C:C,0)),"") -> 74.31 | I93: =IFERROR(INDEX('Tagging key'!E:E, MATCH(F93,'Tagging key'!C:C,0)),"") -> 51.95 | J93: =IFERROR(INDEX('Tagging key'!F:F, MATCH(F93,'Tagging key'!C:C,0)),"") -> 17.24 | S93: Died 8/4
A94: 3 | B94: 5 | C94: Ambient | D94: Oyster | E94: B96 | F94: O_B96 | G94: 32.151 | H94: =IFERROR(INDEX('Tagging key'!D:D, MATCH(F94,'Tagging key'!C:C,0)),"") -> 91.83 | I94: =IFERROR(INDEX('Tagging key'!E:E, MATCH(F94,'Tagging key'!C:C,0)),"") -> 39.65 | J94: =IFERROR(INDEX('Tagging key'!F:F, MATCH(F94,'Tagging key'!C:C,0)),"") -> 10.62 | K94: 32.197 | L94: 91.8 | M94: 40.06 | N94: 18.88 | P94: 45882 | Q94: 45882 | R94: 18.434
A95: 3 | B95: 6 | C95: Ambient | D95: Oyster | E95: B35 | F95: O_B35 | G95: 32.708 | H95: =IFERROR(INDEX('Tagging key'!D:D, MATCH(F95,'Tagging key'!C:C,0)),"") -> 73.47 | I95: =IFERROR(INDEX('Tagging key'!E:E, MATCH(F95,'Tagging key'!C:C,0)),"") -> 45.62 | J95: =IFERROR(INDEX('Tagging key'!F:F, MATCH(F95,'Tagging key'!C:C,0)),"") -> 15.71 | K95: 32.676 | L95: 73.23 | M95: 38.77 | N95: 23.82 | P95: 45877 | Q95: 45877
A96: 3 | B96: 6 | C96: Ambient | D96: Oyster | E96: B57 | F96: O_B57 | G96: 31.717 | H96: =IFERROR(INDEX('Tagging key'!D:D, MATCH(F96,'Tagging key'!C:C,0)),"") -> 66.89 | I96: =IFERROR(INDEX('Tagging key'!E:E, MATCH(F96,'Tagging key'!C:C,0)),"") -> 47.26 | J96: =IFERROR(INDEX('Tagging key'!F:F, MATCH(F96,'Tagging key'!C:C,0)),"") -> 16.43 | K96: 31.455 | L96: 67.34 | M96: 45.98 | N96: 17.06 | P96: 45886 | Q96: 45886 | R96: 22.062
A97: 3 | B97: 6 | C97: Ambient | D97: Oyster | E97: B58 | F97: O_B58 | G97: 49.804 | H97: =IFERROR(INDEX('Tagging key'!D:D, MATCH(F97,'Tagging key'!C:C,0)),"") -> 67.49 | I97: =IFERROR(INDEX('Tagging key'!E:E, MATCH(F97,'Tagging key'!C:C,0)),"") -> 65.41 | J97: =IFERROR(INDEX('Tagging key'!F:F, MATCH(F97,'Tagging key'!C:C,0)),"") -> 19.25 | K97: 49.9 | L97: 71.41 | M97: 48.95 | N97: 29.11 | P97: 45882 | Q97: 45882 | R97: 33.805
A98: 3 | B98: 6 | C98: Ambient | D98: Oyster | E98: R65 | F98: O_R65 | G98: 35.481 | H98: =IFERROR(INDEX('Tagging key'!D:D, MATCH(F98,'Tagging key'!C:C,0)),"") -> 68.35 | I98: =IFERROR(INDEX('Tagging key'!E:E, MATCH(F98,'Tagging key'!C:C,0)),"") -> 40.8 | J98: =IFERROR(INDEX('Tagging key'!F:F, MATCH(F98,'Tagging key'!C:C,0)),"") -> 19.13 | K98: 34.917 | L98: 74.4 | M98: 39.79 | N98: 19.04 | P98: 45879 | Q98: 45879
A99: 3 | B99: 7 | C99: Ambient | D99: Scallop | E99: Y38 | F99: S_Y38 | G99: 67.039 | H99: =IFERROR(INDEX('Tagging key'!D:D, MATCH(F99,'Tagging key'!C:C,0)),"") -> 76.5 | I99: =IFERROR(INDEX('Tagging key'!E:E, MATCH(F99,'Tagging key'!C:C,0)),"") -> 74 | J99: =IFERROR(INDEX('Tagging key'!F:F, MATCH(F99,'Tagging key'!C:C,0)),"") -> 20.5 | K99: 62.132 | L99: 78.56 | M99: 78.4 | N99: 23.23 | P99: 45877 | Q99: 45877
A100: 3 | B100: 7 | C100: Ambient | D100: Scallop | E100: G78 | F100: S_G78 | G100: 53.105 | H100: =IFERROR(INDEX('Tagging key'!D:D, MATCH(F100,'Tagging key'!C:C,0)),"") -> 76 | I100: =IFERROR(INDEX('Tagging key'!E:E, MATCH(F100,'Tagging key'!C:C,0)),"") -> 76 | J100: =IFERROR(INDEX('Tagging key'!F:F, MATCH(F100,'Tagging key'!C:C,0)),"") -> 18 | K100: 52.1 | L100: 75.77 | M100: 78.29 | N100: 19.73 | P100: 45879 | Q100: 45879
...

Sheet Master Renamed
A1: Tank | B1: Section | C1: Treatment | D1: Species | E1: BeeTag_ID | F1: Unique_ID | G1: Before_Weight_(g) | H1: Before_Length_(mm) | I1: Before_Width_(mm) | J1: Before_Depth_(mm) | K1: After_Weight_(g) | L1: After_Length_(mm) | M1: After_Width_(mm) | N1: After_Depth_(mm) | O1: Ripe? | Q1: Date | R1: Dry_Shell_(g) | S1: Comments
A2: 1 | B2: 1 | C2: Warm | D2: Oyster | E2: W42 | F2: O_W42 | G2: 19.64 | H2: 73 | I2: 37.32 | J2: 12.43 | K2: 19.406 | L2: 72.88 | M2: 33.65 | N2: 16.19 | P2: 45886 | Q2: 45886 | U2: 02 Jul 25 Moved oysters and mussels to boxes
A3: 1 | B3: 1 | C3: Warm | D3: Oyster | E3: B61 | F3: O_B61 | G3: 35.547 | H3: 73.82 | I3: 54.05 | J3: 14.88 | K3: 35.465 | L3: 75.17 | M3: 50.24 | N3: 19.13 | P3: 45879 | Q3: 45879 | U3: 03 Jul 25 Moved scallops to boxes
A4: 1 | B4: 1 | C4: Warm | D4: Oyster | E4: B54 | F4: O_B54 | G4: 30.829 | H4: =IFERROR(INDEX('Tagging key'!D:D, MATCH(F4,'Tagging key'!C:C,0)),"") -> 72.75 | I4: =IFERROR(INDEX('Tagging key'!E:E, MATCH(F4,'Tagging key'!C:C,0)),"") -> 42.12 | J4: =IFERROR(INDEX('Tagging key'!F:F, MATCH(F4,'Tagging key'!C:C,0)),"") -> 16.44 | K4: 30.754 | L4: 67.887 | M4: 36.02 | N4: 11.71 | P4: 45877 | Q4: 45877
A5: 1 | B5: 1 | C5: Warm | D5: Oyster | E5: R42 | F5: O_R42 | G5: 32.083 | H5: =IFERROR(INDEX('Tagging key'!D:D, MATCH(F5,'Tagging key'!C:C,0)),"") -> 63.69 | I5: =IFERROR(INDEX('Tagging key'!E:E, MATCH(F5,'Tagging key'!C:C,0)),"") -> 53.55 | J5: =IFERROR(INDEX('Tagging key'!F:F, MATCH(F5,'Tagging key'!C:C,0)),"") -> 18.02 | K5: 32.183 | L5: 63.77 | M5: 53.09 | N5: 19.13 | P5: 45882 | Q5: 45882 | R5: 22.071
A6: 1 | B6: 2 | C6: Warm | D6: Oyster | E6: B68 | F6: O_B68 | G6: 20.537 | H6: =IFERROR(INDEX('Tagging key'!D:D, MATCH(F6,'Tagging key'!C:C,0)),"") -> 59.48 | I6: =IFERROR(INDEX('Tagging key'!E:E, MATCH(F6,'Tagging key'!C:C,0)),"") -> 42.39 | J6: =IFERROR(INDEX('Tagging key'!F:F, MATCH(F6,'Tagging key'!C:C,0)),"") -> 13.12 | K6: 20.258 | L6: 58.38 | M6: 39.17 | N6: 14.78 | P6: 45882 | Q6: 45882 | R6: 11.349
A7: 1 | B7: 2 | C7: Warm | D7: Oyster | E7: B65 | F7: O_B65 | G7: 87.494 | H7: =IFERROR(INDEX('Tagging key'!D:D, MATCH(F7,'Tagging key'!C:C,0)),"") -> 69.63 | I7: =IFERROR(INDEX('Tagging key'!E:E, MATCH(F7,'Tagging key'!C:C,0)),"") -> 70.35 | J7: =IFERROR(INDEX('Tagging key'!F:F, MATCH(F7,'Tagging key'!C:C,0)),"") -> 23.62 | K7: 86.667 | L7: 73.01 | M7: 64.85 | N7: 21.42 | P7: 45877 | Q7: 45877 | S7: Removed a double
A8: 1 | B8: 2 | C8: Warm | D8: Oyster | E8: B5 | F8: O_B5 | G8: 29.658 | H8: =IFERROR(INDEX('Tagging key'!D:D, MATCH(F8,'Tagging key'!C:C,0)),"") -> 72.69 | I8: =IFERROR(INDEX('Tagging key'!E:E, MATCH(F8,'Tagging key'!C:C,0)),"") -> 44.55 | J8: =IFERROR(INDEX('Tagging key'!F:F, MATCH(F8,'Tagging key'!C:C,0)),"") -> 14.49 | K8: 29.744 | L8: 71.61 | M8: 44.79 | N8: 16.88 | P8: 45879 | Q8: 45879 | S8: Was in box 3
A9: 1 | B9: 2 | C9: Warm | D9: Oyster | E9: B88 | F9: O_B88 | G9: 28.24 | H9: =IFERROR(INDEX('Tagging key'!D:D, MATCH(F9,'Tagging key'!C:C,0)),"") -> 66.35 | I9: =IFERROR(INDEX('Tagging key'!E:E, MATCH(F9,'Tagging key'!C:C,0)),"") -> 50.23 | J9: =IFERROR(INDEX('Tagging key'!F:F, MATCH(F9,'Tagging key'!C:C,0)),"") -> 14.63 | K9: 28.046 | L9: 65.13 | M9: 47.82 | N9: 17.97 | P9: 45879 | Q9: 45879
A10: 1 | B10: 3 | C10: Warm | D10: Oyster | E10: R49 | F10: O_R49 | G10: 33.59 | H10: =IFERROR(INDEX('Tagging key'!D:D, MATCH(F10,'Tagging key'!C:C,0)),"") -> 62.02 | I10: =IFERROR(INDEX('Tagging key'!E:E, MATCH(F10,'Tagging key'!C:C,0)),"") -> 43.46 | J10: =IFERROR(INDEX('Tagging key'!F:F, MATCH(F10,'Tagging key'!C:C,0)),"") -> 17.31 | K10: 33.459 | L10: 62.33 | M10: 44.03 | N10: 17.73 | P10: 45886 | Q10: 45886
A11: 1 | B11: 3 | C11: Warm | D11: Oyster | E11: W15 | F11: O_W15 | G11: 42.011 | H11: =IFERROR(INDEX('Tagging key'!D:D, MATCH(F11,'Tagging key'!C:C,0)),"") -> 76.48 | I11: =IFERROR(INDEX('Tagging key'!E:E, MATCH(F11,'Tagging key'!C:C,0)),"") -> 44.98 | J11: =IFERROR(INDEX('Tagging key'!F:F, MATCH(F11,'Tagging key'!C:C,0)),"") -> 20.4 | K11: 41.79 | L11: 70.64 | M11: 39.33 | N11: 14.93 | P11: 45877 | Q11: 45877
A12: 1 | B12: 3 | C12: Warm | D12: Oyster | E12: B92 | F12: O_B92 | G12: 29.664 | H12: =IFERROR(INDEX('Tagging key'!D:D, MATCH(F12,'Tagging key'!C:C,0)),"") -> 67.87 | I12: =IFERROR(INDEX('Tagging key'!E:E, MATCH(F12,'Tagging key'!C:C,0)),"") -> 51.68 | J12: =IFERROR(INDEX('Tagging key'!F:F, MATCH(F12,'Tagging key'!C:C,0)),"") -> 14.59 | K12: 29.542 | L12: 66.76 | M12: 46.35 | N12: 17.4 | P12: 45886 | Q12: 45886 | S12: Was in box 2
A13: 1 | B13: 3 | C13: Warm | D13: Oyster | E13: B91 | F13: O_B91 | G13: 34.233 | H13: =IFERROR(INDEX('Tagging key'!D:D, MATCH(F13,'Tagging key'!C:C,0)),"") -> 66.29 | I13: =IFERROR(INDEX('Tagging key'!E:E, MATCH(F13,'Tagging key'!C:C,0)),"") -> 47.34 | J13: =IFERROR(INDEX('Tagging key'!F:F, MATCH(F13,'Tagging key'!C:C,0)),"") -> 15.65 | K13: 34.229 | L13: 66.77 | M13: 48.18 | N13: 19.8 | P13: 45882 | Q13: 45882 | R13: 21.574
A14: 1 | B14: 4 | C14: Warm | D14: Mussel | E14: G30 | F14: M_G30 | G14: 82.3 | H14: =IFERROR(INDEX('Tagging key'!D:D, MATCH(F14,'Tagging key'!C:C,0)),"") -> 96 | I14: =IFERROR(INDEX('Tagging key'!E:E, MATCH(F14,'Tagging key'!C:C,0)),"") -> 46 | J14: =IFERROR(INDEX('Tagging key'!F:F, MATCH(F14,'Tagging key'!C:C,0)),"") -> 37 | K14: 82.115 | L14: 98.74 | M14: 47.44 | N14: 36.25 | P14: 45882 | Q14: 45882 | R14: 23.783
A15: 1 | B15: 4 | C15: Warm | D15: Mussel | E15: B31 | F15: M_B31 | G15: 41.288 | H15: =IFERROR(INDEX('Tagging key'!D:D, MATCH(F15,'Tagging key'!C:C,0)),"") -> 75.98 | I15: =IFERROR(INDEX('Tagging key'!E:E, MATCH(F15,'Tagging key'!C:C,0)),"") -> 40.25 | J15: =IFERROR(INDEX('Tagging key'!F:F, MATCH(F15,'Tagging key'!C:C,0)),"") -> 27.05 | K15: 41.254 | L15: 70.85 | M15: 33.99 | N15: 23.42 | P15: 45877 | Q15: 45877
A16: 1 | B16: 4 | C16: Warm | D16: Mussel | E16: B67 | F16: M_B67 | G16: 79.137 | H16: =IFERROR(INDEX('Tagging key'!D:D, MATCH(F16,'Tagging key'!C:C,0)),"") -> 92.37 | I16: =IFERROR(INDEX('Tagging key'!E:E, MATCH(F16,'Tagging key'!C:C,0)),"") -> 47.28 | J16: =IFERROR(INDEX('Tagging key'!F:F, MATCH(F16,'Tagging key'!C:C,0)),"") -> 34.01 | K16: 78.926 | L16: 94.2 | M16: 45.59 | N16: 37.21 | P16: 45879 | Q16: 45879
A17: 1 | B17: 4 | C17: Warm | D17: Mussel | E17: R28 | F17: M_R28 | G17: 37.579 | H17: =IFERROR(INDEX('Tagging key'!D:D, MATCH(F17,'Tagging key'!C:C,0)),"") -> 74.19 | I17: =IFERROR(INDEX('Tagging key'!E:E, MATCH(F17,'Tagging key'!C:C,0)),"") -> 38.65 | J17: =IFERROR(INDEX('Tagging key'!F:F, MATCH(F17,'Tagging key'!C:C,0)),"") -> 27.59 | K17: 38.648 | L17: 74.26 | M17: 34.49 | N17: 28.23 | P17: 45886 | Q17: 45886
A18: 1 | B18: 5 | C18: Warm | D18: Mussel | E18: R82 | F18: M_R82 | G18: 42.545 | H18: =IFERROR(INDEX('Tagging key'!D:D, MATCH(F18,'Tagging key'!C:C,0)),"") -> 81 | I18: =IFERROR(INDEX('Tagging key'!E:E, MATCH(F18,'Tagging key'!C:C,0)),"") -> 41 | J18: =IFERROR(INDEX('Tagging key'!F:F, MATCH(F18,'Tagging key'!C:C,0)),"") -> 28 | K18: 48.897 | L18: 82.36 | M18: 40.42 | N18: 28.98 | P18: 45879 | Q18: 45879
A19: 1 | B19: 5 | C19: Warm | D19: Mussel | E19: B52 | F19: M_B52 | G19: 41.808 | H19: =IFERROR(INDEX('Tagging key'!D:D, MATCH(F19,'Tagging key'!C:C,0)),"") -> 77.14 | I19: =IFERROR(INDEX('Tagging key'!E:E, MATCH(F19,'Tagging key'!C:C,0)),"") -> 41.67 | J19: =IFERROR(INDEX('Tagging key'!F:F, MATCH(F19,'Tagging key'!C:C,0)),"") -> 27.56 | K19: 42.925 | L19: 73.25 | M19: 33.22 | N19: 22.36 | P19: 45877 | Q19: 45877
A20: 1 | B20: 5 | C20: Warm | D20: Mussel | E20: B93 | F20: M_B93 | G20: 48.348 | H20: =IFERROR(INDEX('Tagging key'!D:D, MATCH(F20,'Tagging key'!C:C,0)),"") -> 77 | I20: =IFERROR(INDEX('Tagging key'!E:E, MATCH(F20,'Tagging key'!C:C,0)),"") -> 39 | J20: =IFERROR(INDEX('Tagging key'!F:F, MATCH(F20,'Tagging key'!C:C,0)),"") -> 31 | K20: 59.117 | L20: 78.35 | M20: 39.34 | N20: 31.23 | P20: 45882 | Q20: 45882 | R20: 26.2
A21: 1 | B21: 5 | C21: Warm | D21: Mussel | E21: G1 | F21: M_G1 | G21: 46.31 | H21: =IFERROR(INDEX('Tagging key'!D:D, MATCH(F21,'Tagging key'!C:C,0)),"") -> 78 | I21: =IFERROR(INDEX('Tagging key'!E:E, MATCH(F21,'Tagging key'!C:C,0)),"") -> 40 | J21: =IFERROR(INDEX('Tagging key'!F:F, MATCH(F21,'Tagging key'!C:C,0)),"") -> 26 | K21: 47.335 | L21: 81.04 | M21: 40.92 | N21: 26.14 | P21: 45886 | Q21: 45886
A22: 1 | B22: 6 | C22: Warm | D22: Mussel | E22: G51 | F22: M_G51 | G22: 23.08 | H22: =IFERROR(INDEX('Tagging key'!D:D, MATCH(F22,'Tagging key'!C:C,0)),"") -> 62.3 | I22: =IFERROR(INDEX('Tagging key'!E:E, MATCH(F22,'Tagging key'!C:C,0)),"") -> 34.5 | J22: =IFERROR(INDEX('Tagging key'!F:F, MATCH(F22,'Tagging key'!C:C,0)),"") -> 21.4 | K22: 23.276 | L22: 63.05 | M22: 34.99 | N22: 22.39 | P22: 45879 | Q22: 45879 | S22: B47 Died 7/10, replaced with G51
A23: 1 | B23: 6 | C23: Warm | D23: Mussel | E23: B51 | F23: M_B51 | G23: 45.984 | H23: =IFERROR(INDEX('Tagging key'!D:D, MATCH(F23,'Tagging key'!C:C,0)),"") -> 76.72 | I23: =IFERROR(INDEX('Tagging key'!E:E, MATCH(F23,'Tagging key'!C:C,0)),"") -> 42.05 | J23: =IFERROR(INDEX('Tagging key'!F:F, MATCH(F23,'Tagging key'!C:C,0)),"") -> 26.28 | K23: 46.108 | L23: 71.5 | M23: 36.06 | N23: 21.64 | P23: 45877 | Q23: 45877
A24: 1 | B24: 6 | C24: Warm | D24: Mussel | E24: B69 | F24: M_B69 | G24: 31.393 | H24: =IFERROR(INDEX('Tagging key'!D:D, MATCH(F24,'Tagging key'!C:C,0)),"") -> 68 | I24: =IFERROR(INDEX('Tagging key'!E:E, MATCH(F24,'Tagging key'!C:C,0)),"") -> 33 | J24: =IFERROR(INDEX('Tagging key'!F:F, MATCH(F24,'Tagging key'!C:C,0)),"") -> 26 | K24: 31.966 | L24: 69.74 | M24: 34.26 | N24: 26.15 | P24: 45882 | Q24: 45882 | R24: 11.113
A25: 1 | B25: 6 | C25: Warm | D25: Mussel | E25: B94 | F25: M_B94 | G25: 51.927 | H25: =IFERROR(INDEX('Tagging key'!D:D, MATCH(F25,'Tagging key'!C:C,0)),"") -> 79 | I25: =IFERROR(INDEX('Tagging key'!E:E, MATCH(F25,'Tagging key'!C:C,0)),"") -> 37 | J25: =IFERROR(INDEX('Tagging key'!F:F, MATCH(F25,'Tagging key'!C:C,0)),"") -> 32 | K25: 52.339 | L25: 79.34 | M25: 37.27 | N25: 32.94 | P25: 45886 | Q25: 45886
A26: 1 | B26: 7 | C26: Warm | D26: Scallop | E26: Y32 | F26: S_Y32 | G26: 50.988 | H26: =IFERROR(INDEX('Tagging key'!D:D, MATCH(F26,'Tagging key'!C:C,0)),"") -> 69 | I26: =IFERROR(INDEX('Tagging key'!E:E, MATCH(F26,'Tagging key'!C:C,0)),"") -> 71.5 | J26: =IFERROR(INDEX('Tagging key'!F:F, MATCH(F26,'Tagging key'!C:C,0)),"") -> 18 | K26: 46.064 | L26: 69.92 | M26: 73.16 | N26: 21 | P26: 45882 | Q26: 45882 | R26: 23.565
A27: 1 | B27: 7 | C27: Warm | D27: Scallop | E27: G70 | F27: S_G70 | G27: 50.64 | H27: =IFERROR(INDEX('Tagging key'!D:D, MATCH(F27,'Tagging key'!C:C,0)),"") -> 71 | I27: =IFERROR(INDEX('Tagging key'!E:E, MATCH(F27,'Tagging key'!C:C,0)),"") -> 73 | J27: =IFERROR(INDEX('Tagging key'!F:F, MATCH(F27,'Tagging key'!C:C,0)),"") -> 20 | K27: 40.579 | L27: 70.88 | M27: 74.32 | N27: 21.2 | P27: 45886 | Q27: 45886 | S27: Was in as G79
A28: 1 | B28: 7 | C28: Warm | D28: Scallop | E28: Y54 | F28: S_Y54 | G28: 57.49 | H28: =IFERROR(INDEX('Tagging key'!D:D, MATCH(F28,'Tagging key'!C:C,0)),"") -> 71.5 | I28: =IFERROR(INDEX('Tagging key'!E:E, MATCH(F28,'Tagging key'!C:C,0)),"") -> 75.5 | J28: =IFERROR(INDEX('Tagging key'!F:F, MATCH(F28,'Tagging key'!C:C,0)),"") -> 20 | K28: 55.155 | L28: 73.62 | M28: 78.32 | N28: 23.12 | P28: 45879 | Q28: 45879 | R28: 20.813
A29: 1 | B29: 7 | C29: Warm | D29: Scallop | E29: Y74 | F29: S_Y74 | G29: 46.17 | H29: =IFERROR(INDEX('Tagging key'!D:D, MATCH(F29,'Tagging key'!C:C,0)),"") -> 66 | I29: =IFERROR(INDEX('Tagging key'!E:E, MATCH(F29,'Tagging key'!C:C,0)),"") -> 70 | J29: =IFERROR(INDEX('Tagging key'!F:F, MATCH(F29,'Tagging key'!C:C,0)),"") -> 17 | K29: 43.563 | L29: 63.06 | M29: 65.51 | N29: 14.5 | P29: 45877 | Q29: 45877
A30: 1 | B30: 8 | C30: Warm | D30: Scallop | E30: Y71 | F30: S_Y71 | G30: 70.19 | H30: =IFERROR(INDEX('Tagging key'!D:D, MATCH(F30,'Tagging key'!C:C,0)),"") -> 77 | I30: =IFERROR(INDEX('Tagging key'!E:E, MATCH(F30,'Tagging key'!C:C,0)),"") -> 80 | J30: =IFERROR(INDEX('Tagging key'!F:F, MATCH(F30,'Tagging key'!C:C,0)),"") -> 20 | K30: 66.168 | L30: 78.34 | M30: 81.95 | N30: 22.6 | P30: 45882 | Q30: 45882 | R30: 33.409
A31: 1 | B31: 8 | C31: Warm | D31: Scallop | E31: W57 | F31: S_W57 | G31: 43.73 | H31: =IFERROR(INDEX('Tagging key'!D:D, MATCH(F31,'Tagging key'!C:C,0)),"") -> 67 | I31: =IFERROR(INDEX('Tagging key'!E:E, MATCH(F31,'Tagging key'!C:C,0)),"") -> 70 | J31: =IFERROR(INDEX('Tagging key'!F:F, MATCH(F31,'Tagging key'!C:C,0)),"") -> 13 | K31: 40.048 | L31: 67.84 | M31: 71.9 | N31: 17.36 | P31: 45886 | Q31: 45886
A32: 1 | B32: 8 | C32: Warm | D32: Scallop | E32: G37 | F32: S_G37 | G32: 45.28 | H32: =IFERROR(INDEX('Tagging key'!D:D, MATCH(F32,'Tagging key'!C:C,0)),"") -> 69.62 | I32: =IFERROR(INDEX('Tagging key'!E:E, MATCH(F32,'Tagging key'!C:C,0)),"") -> 70.99 | J32: =IFERROR(INDEX('Tagging key'!F:F, MATCH(F32,'Tagging key'!C:C,0)),"") -> 17.56 | K32: 43.895 | L32: 66.21 | M32: 69.48 | N32: 14.26 | P32: 45877 | Q32: 45877
A33: 1 | B33: 8 | C33: Warm | D33: Scallop | E33: G50 | F33: S_G50 | G33: 46.96 | H33: =IFERROR(INDEX('Tagging key'!D:D, MATCH(F33,'Tagging key'!C:C,0)),"") -> 76 | I33: =IFERROR(INDEX('Tagging key'!E:E, MATCH(F33,'Tagging key'!C:C,0)),"") -> 74 | J33: =IFERROR(INDEX('Tagging key'!F:F, MATCH(F33,'Tagging key'!C:C,0)),"") -> 16.54 | K33: 43.487 | L33: 72.25 | M33: 70.2 | N33: 19 | P33: 45879 | Q33: 45879
A34: 1 | B34: 9 | C34: Warm | D34: Scallop | E34: B3 | F34: S_B3 | H34: =IFERROR(INDEX('Tagging key'!D:D, MATCH(F34,'Tagging key'!C:C,0)),"") | I34: =IFERROR(INDEX('Tagging key'!E:E, MATCH(F34,'Tagging key'!C:C,0)),"") | J34: =IFERROR(INDEX('Tagging key'!F:F, MATCH(F34,'Tagging key'!C:C,0)),"") | K34: 63.925 | L34: 74.74 | M34: 79.15 | N34: 15.8 | P34: 45877 | Q34: 45877 | S34: Y10 Died 7/10 | T34: G55B Died 7/14
A35: 1 | B35: 9 | C35: Warm | D35: Scallop | E35: B4 | F35: S_B4 | H35: =IFERROR(INDEX('Tagging key'!D:D, MATCH(F35,'Tagging key'!C:C,0)),"") | I35: =IFERROR(INDEX('Tagging key'!E:E, MATCH(F35,'Tagging key'!C:C,0)),"") | J35: =IFERROR(INDEX('Tagging key'!F:F, MATCH(F35,'Tagging key'!C:C,0)),"") | K35: 64.118 | L35: 79.66 | M35: 84.5 | N35: 21.52 | P35: 45879 | Q35: 45879 | S35: Y93 Died 7/10 | T35: G46B Died 7/14
A36: 1 | B36: 9 | C36: Warm | D36: Scallop | E36: B2 | F36: S_B2 | H36: =IFERROR(INDEX('Tagging key'!D:D, MATCH(F36,'Tagging key'!C:C,0)),"") | I36: =IFERROR(INDEX('Tagging key'!E:E, MATCH(F36,'Tagging key'!C:C,0)),"") | J36: =IFERROR(INDEX('Tagging key'!F:F, MATCH(F36,'Tagging key'!C:C,0)),"") | K36: 48.91 | L36: 71.35 | M36: 75.45 | N36: 19.71 | P36: 45882 | Q36: 45882 | S36: G34 Died 7/13
A37: 1 | B37: 9 | C37: Warm | D37: Scallop | E37: B1 | F37: S_B1 | H37: =IFERROR(INDEX('Tagging key'!D:D, MATCH(F37,'Tagging key'!C:C,0)),"") | I37: =IFERROR(INDEX('Tagging key'!E:E, MATCH(F37,'Tagging key'!C:C,0)),"") | J37: =IFERROR(INDEX('Tagging key'!F:F, MATCH(F37,'Tagging key'!C:C,0)),"") | K37: 57.301 | L37: 75.94 | M37: 81.98 | N37: 23 | P37: 45886 | Q37: 45886 | S37: G62 Died 7/10 | T37: G45B Died 7/13
A38: 2 | B38: 1 | C38: Multi | D38: Oyster | E38: W4 | F38: O_W4 | G38: 27.457 | H38: 66.92 | I38: 40.6 | J38: 14.18 | K38: 27.447 | L38: 66.41 | M38: 40.3 | N38: 15.3 | P38: 45886 | Q38: 45886
A39: 2 | B39: 1 | C39: Multi | D39: Oyster | E39: B100 | F39: O_B100 | G39: 28.461 | H39: =IFERROR(INDEX('Tagging key'!D:D, MATCH(F39,'Tagging key'!C:C,0)),"") -> 60 | I39: =IFERROR(INDEX('Tagging key'!E:E, MATCH(F39,'Tagging key'!C:C,0)),"") -> 48.92 | J39: =IFERROR(INDEX('Tagging key'!F:F, MATCH(F39,'Tagging key'!C:C,0)),"") -> 17.08 | K39: 28.301 | L39: 61 | M39: 46.24 | N39: 18.86 | P39: 45882 | Q39: 45882 | R39: 19.264
A40: 2 | B40: 1 | C40: Multi | D40: Oyster | E40: W48 | F40: O_W48 | G40: 36.899 | H40: =IFERROR(INDEX('Tagging key'!D:D, MATCH(F40,'Tagging key'!C:C,0)),"") -> 73.26 | I40: =IFERROR(INDEX('Tagging key'!E:E, MATCH(F40,'Tagging key'!C:C,0)),"") -> 50.23 | J40: =IFERROR(INDEX('Tagging key'!F:F, MATCH(F40,'Tagging key'!C:C,0)),"") -> 15.63 | K40: 36.508 | L40: 75.48 | M40: 49.99 | N40: 29.37 | P40: 45879 | Q40: 45879
A41: 2 | B41: 1 | C41: Multi | D41: Oyster | E41: B34 | F41: O_B34 | G41: 32.44 | H41: =IFERROR(INDEX('Tagging key'!D:D, MATCH(F41,'Tagging key'!C:C,0)),"") -> 62.42 | I41: =IFERROR(INDEX('Tagging key'!E:E, MATCH(F41,'Tagging key'!C:C,0)),"") -> 46.78 | J41: =IFERROR(INDEX('Tagging key'!F:F, MATCH(F41,'Tagging key'!C:C,0)),"") -> 17.42 | K41: 32.15 | L41: 64.07 | M41: 45.04 | N41: 17.9 | P41: 45877 | Q41: 45877
A42: 2 | B42: 2 | C42: Multi | D42: Oyster | E42: W16 | F42: O_W16 | G42: 26.719 | H42: =IFERROR(INDEX('Tagging key'!D:D, MATCH(F42,'Tagging key'!C:C,0)),"") -> 62.04 | I42: =IFERROR(INDEX('Tagging key'!E:E, MATCH(F42,'Tagging key'!C:C,0)),"") -> 54.99 | J42: =IFERROR(INDEX('Tagging key'!F:F, MATCH(F42,'Tagging key'!C:C,0)),"") -> 18.24 | K42: 26.424 | L42: 63.18 | M42: 43.61 | N42: 18.31 | P42: 45877 | Q42: 45877
A43: 2 | B43: 2 | C43: Multi | D43: Oyster | E43: B64 | F43: O_B64 | G43: 38.066 | H43: =IFERROR(INDEX('Tagging key'!D:D, MATCH(F43,'Tagging key'!C:C,0)),"") -> 68.49 | I43: =IFERROR(INDEX('Tagging key'!E:E, MATCH(F43,'Tagging key'!C:C,0)),"") -> 49.5 | J43: =IFERROR(INDEX('Tagging key'!F:F, MATCH(F43,'Tagging key'!C:C,0)),"") -> 17.69 | K43: 37.857 | L43: 69.12 | M43: 47.53 | N43: 18.98 | P43: 45879 | Q43: 45879
A44: 2 | B44: 2 | C44: Multi | D44: Oyster | E44: B8 | F44: O_B8 | G44: 39.246 | H44: =IFERROR(INDEX('Tagging key'!D:D, MATCH(F44,'Tagging key'!C:C,0)),"") -> 70.41 | I44: =IFERROR(INDEX('Tagging key'!E:E, MATCH(F44,'Tagging key'!C:C,0)),"") -> 53.1 | J44: =IFERROR(INDEX('Tagging key'!F:F, MATCH(F44,'Tagging key'!C:C,0)),"") -> 14.98 | K44: 38.58 | L44: 71.09 | M44: 54.49 | N44: 20.36 | P44: 45882 | Q44: 45882 | R44: 25.088
A45: 2 | B45: 2 | C45: Multi | D45: Oyster | E45: W40 | F45: O_W40 | G45: 31.29 | H45: =IFERROR(INDEX('Tagging key'!D:D, MATCH(F45,'Tagging key'!C:C,0)),"") -> 65.94 | I45: =IFERROR(INDEX('Tagging key'!E:E, MATCH(F45,'Tagging key'!C:C,0)),"") -> 54.06 | J45: =IFERROR(INDEX('Tagging key'!F:F, MATCH(F45,'Tagging key'!C:C,0)),"") -> 21.23 | K45: 30.584 | L45: 67.8 | M45: 43.44 | N45: 18.89 | P45: 45886 | Q45: 45886
A46: 2 | B46: 3 | C46: Multi | D46: Oyster | E46: B89B | F46: O_B89B | G46: 40.51 | H46: =IFERROR(INDEX('Tagging key'!D:D, MATCH(F46,'Tagging key'!C:C,0)),"") -> 74.52 | I46: =IFERROR(INDEX('Tagging key'!E:E, MATCH(F46,'Tagging key'!C:C,0)),"") -> 46.59 | J46: =IFERROR(INDEX('Tagging key'!F:F, MATCH(F46,'Tagging key'!C:C,0)),"") -> 17.47 | K46: 40.17 | L46: 74.8 | M46: 44.95 | N46: 17.98 | P46: 45877 | Q46: 45877
A47: 2 | B47: 3 | C47: Multi | D47: Oyster | E47: W9B | F47: O_W9B | G47: 26.825 | H47: =IFERROR(INDEX('Tagging key'!D:D, MATCH(F47,'Tagging key'!C:C,0)),"") -> 63.35 | I47: =IFERROR(INDEX('Tagging key'!E:E, MATCH(F47,'Tagging key'!C:C,0)),"") -> 50.79 | J47: =IFERROR(INDEX('Tagging key'!F:F, MATCH(F47,'Tagging key'!C:C,0)),"") -> 14.3 | K47: 26.688 | L47: 65.52 | M47: 41.91 | N47: 17.1 | P47: 45879 | Q47: 45879
A48: 2 | B48: 3 | C48: Multi | D48: Oyster | E48: B52 | F48: O_B52 | G48: 31.635 | H48: =IFERROR(INDEX('Tagging key'!D:D, MATCH(F48,'Tagging key'!C:C,0)),"") -> 67.83 | I48: =IFERROR(INDEX('Tagging key'!E:E, MATCH(F48,'Tagging key'!C:C,0)),"") -> 52.61 | J48: =IFERROR(INDEX('Tagging key'!F:F, MATCH(F48,'Tagging key'!C:C,0)),"") -> 16.87 | K48: 31.57 | L48: 68.53 | M48: 50.15 | N48: 18.72 | P48: 45886 | Q48: 45886
A49: 2 | B49: 3 | C49: Multi | D49: Oyster | E49: B28 | F49: O_B28 | G49: 16.793 | H49: =IFERROR(INDEX('Tagging key'!D:D, MATCH(F49,'Tagging key'!C:C,0)),"") -> 56.39 | I49: =IFERROR(INDEX('Tagging key'!E:E, MATCH(F49,'Tagging key'!C:C,0)),"") -> 35.68 | J49: =IFERROR(INDEX('Tagging key'!F:F, MATCH(F49,'Tagging key'!C:C,0)),"") -> 13.34 | K49: 16.68 | L49: 56.34 | M49: 35.33 | N49: 13.2 | P49: 45882 | Q49: 45882 | R49: 11.089
A50: 2 | B50: 4 | C50: Multi | D50: Scallop | E50: G75 | F50: S_G75 | G50: 48.183 | H50: =IFERROR(INDEX('Tagging key'!D:D, MATCH(F50,'Tagging key'!C:C,0)),"") -> 68 | I50: =IFERROR(INDEX('Tagging key'!E:E, MATCH(F50,'Tagging key'!C:C,0)),"") -> 72 | J50: =IFERROR(INDEX('Tagging key'!F:F, MATCH(F50,'Tagging key'!C:C,0)),"") -> 20 | K50: 44.486 | L50: 69.11 | M50: 73.06 | N50: 21.12 | P50: 45886 | Q50: 45886
A51: 2 | B51: 4 | C51: Multi | D51: Scallop | E51: G13 | F51: S_G13 | G51: 71.097 | H51: =IFERROR(INDEX('Tagging key'!D:D, MATCH(F51,'Tagging key'!C:C,0)),"") -> 76.95 | I51: =IFERROR(INDEX('Tagging key'!E:E, MATCH(F51,'Tagging key'!C:C,0)),"") -> 79.83 | J51: =IFERROR(INDEX('Tagging key'!F:F, MATCH(F51,'Tagging key'!C:C,0)),"") -> 21.01 | K51: 67.549 | L51: 77.55 | M51: 80.64 | N51: 23.2 | P51: 45877 | Q51: 45877
A52: 2 | B52: 4 | C52: Multi | D52: Scallop | E52: G69B | F52: S_G69B | G52: 48.205 | H52: =IFERROR(INDEX('Tagging key'!D:D, MATCH(F52,'Tagging key'!C:C,0)),"") -> 70 | I52: =IFERROR(INDEX('Tagging key'!E:E, MATCH(F52,'Tagging key'!C:C,0)),"") -> 70 | J52: =IFERROR(INDEX('Tagging key'!F:F, MATCH(F52,'Tagging key'!C:C,0)),"") -> 20 | K52: 44.747 | L52: 68.95 | M52: 71.6 | N52: 20.99 | P52: 45882 | Q52: 45882 | R52: 21.953
A53: 2 | B53: 4 | C53: Multi | D53: Scallop | E53: G59 | F53: S_G59 | G53: 56.186 | H53: =IFERROR(INDEX('Tagging key'!D:D, MATCH(F53,'Tagging key'!C:C,0)),"") -> 71 | I53: =IFERROR(INDEX('Tagging key'!E:E, MATCH(F53,'Tagging key'!C:C,0)),"") -> 76 | J53: =IFERROR(INDEX('Tagging key'!F:F, MATCH(F53,'Tagging key'!C:C,0)),"") -> 18 | K53: 51.919 | L53: 72.92 | M53: 77.75 | N53: 19.42 | P53: 45879 | Q53: 45879
A54: 2 | B54: 5 | C54: Multi | D54: Scallop | E54: W89B | F54: S_W89B | G54: 62.297 | H54: =IFERROR(INDEX('Tagging key'!D:D, MATCH(F54,'Tagging key'!C:C,0)),"") -> 70 | I54: =IFERROR(INDEX('Tagging key'!E:E, MATCH(F54,'Tagging key'!C:C,0)),"") -> 73 | J54: =IFERROR(INDEX('Tagging key'!F:F, MATCH(F54,'Tagging key'!C:C,0)),"") -> 22 | K54: 59.105 | L54: 70.37 | M54: 74.41 | N54: 21.84 | P54: 45886 | Q54: 45886
A55: 2 | B55: 5 | C55: Multi | D55: Scallop | E55: G30 | F55: S_G30 | G55: 76.859 | H55: =IFERROR(INDEX('Tagging key'!D:D, MATCH(F55,'Tagging key'!C:C,0)),"") -> 79.58 | I55: =IFERROR(INDEX('Tagging key'!E:E, MATCH(F55,'Tagging key'!C:C,0)),"") -> 83.78 | J55: =IFERROR(INDEX('Tagging key'!F:F, MATCH(F55,'Tagging key'!C:C,0)),"") -> 21.54 | K55: 74.944 | L55: 79.51 | M55: 84.37 | N55: 23.34 | P55: 45882 | Q55: 45882 | R55: 36.197
A56: 2 | B56: 5 | C56: Multi | D56: Scallop | E56: W61 | F56: S_W61 | G56: 63.313 | H56: =IFERROR(INDEX('Tagging key'!D:D, MATCH(F56,'Tagging key'!C:C,0)),"") -> 76 | I56: =IFERROR(INDEX('Tagging key'!E:E, MATCH(F56,'Tagging key'!C:C,0)),"") -> 80 | J56: =IFERROR(INDEX('Tagging key'!F:F, MATCH(F56,'Tagging key'!C:C,0)),"") -> 17 | K56: 56.642 | L56: 76.66 | M56: 80.18 | N56: 21.06 | P56: 45877 | Q56: 45877
A57: 2 | B57: 5 | C57: Multi | D57: Scallop | E57: W63 | F57: S_W63 | G57: 47.87 | H57: =IFERROR(INDEX('Tagging key'!D:D, MATCH(F57,'Tagging key'!C:C,0)),"") -> 71 | I57: =IFERROR(INDEX('Tagging key'!E:E, MATCH(F57,'Tagging key'!C:C,0)),"") -> 74 | J57: =IFERROR(INDEX('Tagging key'!F:F, MATCH(F57,'Tagging key'!C:C,0)),"") -> 16 | K57: 46.23 | L57: 72.23 | M57: 75.55 | N57: 19.75 | P57: 45879 | Q57: 45879
A58: 2 | B58: 6 | C58: Multi | D58: Scallop | E58: G43B | F58: S_G43B | G58: 42.903 | H58: =IFERROR(INDEX('Tagging key'!D:D, MATCH(F58,'Tagging key'!C:C,0)),"") -> 76.8 | I58: =IFERROR(INDEX('Tagging key'!E:E, MATCH(F58,'Tagging key'!C:C,0)),"") -> 80.7 | J58: =IFERROR(INDEX('Tagging key'!F:F, MATCH(F58,'Tagging key'!C:C,0)),"") -> 19.6 | K58: 56.774 | L58: 78.44 | M58: 80.35 | N58: 20.55 | P58: 45877 | Q58: 45877 | R58: 26.716 | S58: Y77 Died 7/10
A59: 2 | B59: 6 | C59: Multi | D59: Scallop | E59: G54B | F59: S_G54B | G59: 62.81 | H59: =IFERROR(INDEX('Tagging key'!D:D, MATCH(F59,'Tagging key'!C:C,0)),"") -> 75.1 | I59: =IFERROR(INDEX('Tagging key'!E:E, MATCH(F59,'Tagging key'!C:C,0)),"") -> 80.5 | J59: =IFERROR(INDEX('Tagging key'!F:F, MATCH(F59,'Tagging key'!C:C,0)),"") -> 19 | K59: 58.648 | L59: 75.43 | M59: 80.96 | N59: 21.48 | P59: 45882 | Q59: 45882 | R59: 25.275 | S59: Y27 Died 7/6
A60: 2 | B60: 6 | C60: Multi | D60: Scallop | E60: Y30 | F60: S_Y30 | G60: 52.339 | H60: =IFERROR(INDEX('Tagging key'!D:D, MATCH(F60,'Tagging key'!C:C,0)),"") -> 68.5 | I60: =IFERROR(INDEX('Tagging key'!E:E, MATCH(F60,'Tagging key'!C:C,0)),"") -> 73.5 | J60: =IFERROR(INDEX('Tagging key'!F:F, MATCH(F60,'Tagging key'!C:C,0)),"") -> 19 | K60: 49.302 | L60: 70.35 | M60: 75.18 | N60: 20.62 | P60: 45879 | Q60: 45879
A61: 2 | B61: 6 | C61: Multi | D61: Scallop | E61: G99 | F61: S_G99 | G61: 43.999 | H61: =IFERROR(INDEX('Tagging key'!D:D, MATCH(F61,'Tagging key'!C:C,0)),"") -> 70 | I61: =IFERROR(INDEX('Tagging key'!E:E, MATCH(F61,'Tagging key'!C:C,0)),"") -> 70 | J61: =IFERROR(INDEX('Tagging key'!F:F, MATCH(F61,'Tagging key'!C:C,0)),"") -> 17 | K61: 37.642 | L61: 70.39 | M61: 70.74 | N61: 18.77 | P61: 45886 | Q61: 45886
A62: 2 | B62: 7 | C62: Multi | D62: Mussel | E62: B25 | F62: M_B25 | G62: 61.019 | H62: =IFERROR(INDEX('Tagging key'!D:D, MATCH(F62,'Tagging key'!C:C,0)),"") -> 87.35 | I62: =IFERROR(INDEX('Tagging key'!E:E, MATCH(F62,'Tagging key'!C:C,0)),"") -> 43.95 | J62: =IFERROR(INDEX('Tagging key'!F:F, MATCH(F62,'Tagging key'!C:C,0)),"") -> 31.82 | K62: 61.3 | L62: 86.99 | M62: 40.82 | N62: 33.44 | P62: 45877 | Q62: 45877
A63: 2 | B63: 7 | C63: Multi | D63: Mussel | E63: B20 | F63: M_B20 | G63: 69.18 | H63: =IFERROR(INDEX('Tagging key'!D:D, MATCH(F63,'Tagging key'!C:C,0)),"") -> 92.03 | I63: =IFERROR(INDEX('Tagging key'!E:E, MATCH(F63,'Tagging key'!C:C,0)),"") -> 47.6 | J63: =IFERROR(INDEX('Tagging key'!F:F, MATCH(F63,'Tagging key'!C:C,0)),"") -> 29.07 | K63: 67.334 | L63: 92.83 | M63: 43.97 | N63: 32.55 | P63: 45879 | Q63: 45879
A64: 2 | B64: 7 | C64: Multi | D64: Mussel | E64: B88 | F64: M_B88 | G64: 30.935 | H64: =IFERROR(INDEX('Tagging key'!D:D, MATCH(F64,'Tagging key'!C:C,0)),"") -> 68 | I64: =IFERROR(INDEX('Tagging key'!E:E, MATCH(F64,'Tagging key'!C:C,0)),"") -> 35 | J64: =IFERROR(INDEX('Tagging key'!F:F, MATCH(F64,'Tagging key'!C:C,0)),"") -> 30 | K64: 31.614 | L64: 69.12 | M64: 35.46 | N64: 25.07 | P64: 45882 | Q64: 45882 | R64: 10.635
A65: 2 | B65: 7 | C65: Multi | D65: Mussel | E65: B38 | F65: M_B38 | G65: 47.495 | H65: =IFERROR(INDEX('Tagging key'!D:D, MATCH(F65,'Tagging key'!C:C,0)),"") -> 79.67 | I65: =IFERROR(INDEX('Tagging key'!E:E, MATCH(F65,'Tagging key'!C:C,0)),"") -> 43.19 | J65: =IFERROR(INDEX('Tagging key'!F:F, MATCH(F65,'Tagging key'!C:C,0)),"") -> 27.48 | K65: 47.252 | L65: 78.38 | M65: 40.67 | N65: 28.65 | P65: 45886 | Q65: 45886
A66: 2 | B66: 8 | C66: Multi | D66: Mussel | E66: B65 | F66: M_B65 | G66: 65.023 | H66: =IFERROR(INDEX('Tagging key'!D:D, MATCH(F66,'Tagging key'!C:C,0)),"") -> 87.4 | I66: =IFERROR(INDEX('Tagging key'!E:E, MATCH(F66,'Tagging key'!C:C,0)),"") -> 42.32 | J66: =IFERROR(INDEX('Tagging key'!F:F, MATCH(F66,'Tagging key'!C:C,0)),"") -> 33.34 | S66: Missing 17-Aug-25
A67: 2 | B67: 8 | C67: Multi | D67: Mussel | E67: G22 | F67: M_G22 | G67: 32.79 | H67: =IFERROR(INDEX('Tagging key'!D:D, MATCH(F67,'Tagging key'!C:C,0)),"") -> 71 | I67: =IFERROR(INDEX('Tagging key'!E:E, MATCH(F67,'Tagging key'!C:C,0)),"") -> 37 | J67: =IFERROR(INDEX('Tagging key'!F:F, MATCH(F67,'Tagging key'!C:C,0)),"") -> 24 | K67: 33.481 | L67: 72.79 | M67: 38.22 | N67: 24.54 | P67: 45877 | Q67: 45877
A68: 2 | B68: 8 | C68: Multi | D68: Mussel | E68: B40 | F68: M_B40 | G68: 32.395 | H68: =IFERROR(INDEX('Tagging key'!D:D, MATCH(F68,'Tagging key'!C:C,0)),"") -> 68.95 | I68: =IFERROR(INDEX('Tagging key'!E:E, MATCH(F68,'Tagging key'!C:C,0)),"") -> 40.11 | J68: =IFERROR(INDEX('Tagging key'!F:F, MATCH(F68,'Tagging key'!C:C,0)),"") -> 23.49 | K68: 33.782 | L68: 69.18 | M68: 35.68 | N68: 26.31 | P68: 45879 | Q68: 45879
A69: 2 | B69: 8 | C69: Multi | D69: Mussel | E69: R58 | F69: M_R58 | G69: 40.071 | H69: =IFERROR(INDEX('Tagging key'!D:D, MATCH(F69,'Tagging key'!C:C,0)),"") -> 76 | I69: =IFERROR(INDEX('Tagging key'!E:E, MATCH(F69,'Tagging key'!C:C,0)),"") -> 38 | J69: =IFERROR(INDEX('Tagging key'!F:F, MATCH(F69,'Tagging key'!C:C,0)),"") -> 26 | K69: 40.614 | L69: 76.53 | M69: 39.47 | N69: 27.59 | P69: 45882 | Q69: 45882 | R69: 14.01
A70: 2 | B70: 9 | C70: Multi | D70: Mussel | E70: B54 | F70: M_B54 | G70: 46.373 | H70: =IFERROR(INDEX('Tagging key'!D:D, MATCH(F70,'Tagging key'!C:C,0)),"") -> 80.18 | I70: =IFERROR(INDEX('Tagging key'!E:E, MATCH(F70,'Tagging key'!C:C,0)),"") -> 40.82 | J70: =IFERROR(INDEX('Tagging key'!F:F, MATCH(F70,'Tagging key'!C:C,0)),"") -> 27.55 | K70: 46.796 | L70: 79.3 | M70: 39.75 | N70: 29.1 | P70: 45886 | Q70: 45886
A71: 2 | B71: 9 | C71: Multi | D71: Mussel | E71: B30 | F71: M_B30 | G71: 34.953 | H71: =IFERROR(INDEX('Tagging key'!D:D, MATCH(F71,'Tagging key'!C:C,0)),"") -> 68.77 | I71: =IFERROR(INDEX('Tagging key'!E:E, MATCH(F71,'Tagging key'!C:C,0)),"") -> 36.8 | J71: =IFERROR(INDEX('Tagging key'!F:F, MATCH(F71,'Tagging key'!C:C,0)),"") -> 28.44 | K71: 35.672 | L71: 68.69 | M71: 34.87 | N71: 28.28 | P71: 45877 | Q71: 45877
A72: 2 | B72: 9 | C72: Multi | D72: Mussel | E72: B32 | F72: M_B32 | G72: 48.282 | H72: =IFERROR(INDEX('Tagging key'!D:D, MATCH(F72,'Tagging key'!C:C,0)),"") -> 78.84 | I72: =IFERROR(INDEX('Tagging key'!E:E, MATCH(F72,'Tagging key'!C:C,0)),"") -> 36.63 | J72: =IFERROR(INDEX('Tagging key'!F:F, MATCH(F72,'Tagging key'!C:C,0)),"") -> 28.68 | K72: 48.61 | L72: 78.72 | M72: 36.94 | N72: 29.54 | P72: 45882 | Q72: 45882
A73: 2 | B73: 9 | C73: Multi | D73: Mussel | E73: B16 | F73: M_B16 | G73: 23.081 | H73: =IFERROR(INDEX('Tagging key'!D:D, MATCH(F73,'Tagging key'!C:C,0)),"") -> 63 | I73: =IFERROR(INDEX('Tagging key'!E:E, MATCH(F73,'Tagging key'!C:C,0)),"") -> 32 | J73: =IFERROR(INDEX('Tagging key'!F:F, MATCH(F73,'Tagging key'!C:C,0)),"") -> 22 | K73: 21.115 | L73: 63.37 | M73: 33.41 | N73: 23 | P73: 45879 | Q73: 45879
A74: 3 | B74: 1 | C74: Ambient | D74: Mussel | E74: B42 | F74: M_B42 | G74: 50.384 | H74: =IFERROR(INDEX('Tagging key'!D:D, MATCH(F74,'Tagging key'!C:C,0)),"") -> 82.34 | I74: =IFERROR(INDEX('Tagging key'!E:E, MATCH(F74,'Tagging key'!C:C,0)),"") -> 43.01 | J74: =IFERROR(INDEX('Tagging key'!F:F, MATCH(F74,'Tagging key'!C:C,0)),"") -> 27.64 | K74: 50.705 | L74: 82.21 | M74: 42.34 | N74: 29.43 | P74: 45882 | Q74: 45882 | R74: 17.1
A75: 3 | B75: 1 | C75: Ambient | D75: Mussel | E75: B79 | F75: M_B79 | G75: 57.548 | H75: =IFERROR(INDEX('Tagging key'!D:D, MATCH(F75,'Tagging key'!C:C,0)),"") -> 83.57 | I75: =IFERROR(INDEX('Tagging key'!E:E, MATCH(F75,'Tagging key'!C:C,0)),"") -> 41.01 | J75: =IFERROR(INDEX('Tagging key'!F:F, MATCH(F75,'Tagging key'!C:C,0)),"") -> 30.63 | K75: 58.435 | L75: 84.3 | M75: 40.46 | N75: 33.23 | P75: 45886 | Q75: 45886
A76: 3 | B76: 1 | C76: Ambient | D76: Mussel | E76: B36 | F76: M_B36 | G76: 34.802 | H76: =IFERROR(INDEX('Tagging key'!D:D, MATCH(F76,'Tagging key'!C:C,0)),"") -> 74 | I76: =IFERROR(INDEX('Tagging key'!E:E, MATCH(F76,'Tagging key'!C:C,0)),"") -> 34 | J76: =IFERROR(INDEX('Tagging key'!F:F, MATCH(F76,'Tagging key'!C:C,0)),"") -> 27 | K76: 35.621 | L76: 74.59 | M76: 36.23 | N76: 27.66 | P76: 45879 | Q76: 45879
A77: 3 | B77: 1 | C77: Ambient | D77: Mussel | E77: R73 | F77: M_R73 | G77: 24.316 | H77: =IFERROR(INDEX('Tagging key'!D:D, MATCH(F77,'Tagging key'!C:C,0)),"") -> 62.57 | I77: =IFERROR(INDEX('Tagging key'!E:E, MATCH(F77,'Tagging key'!C:C,0)),"") -> 36.05 | J77: =IFERROR(INDEX('Tagging key'!F:F, MATCH(F77,'Tagging key'!C:C,0)),"") -> 23.88 | K77: 24.919 | L77: 63.48 | M77: 33.43 | N77: 24.1 | P77: 45877 | Q77: 45877
A78: 3 | B78: 2 | C78: Ambient | D78: Mussel | E78: G17 | F78: M_G17 | G78: 33.821 | H78: =IFERROR(INDEX('Tagging key'!D:D, MATCH(F78,'Tagging key'!C:C,0)),"") -> 67 | I78: =IFERROR(INDEX('Tagging key'!E:E, MATCH(F78,'Tagging key'!C:C,0)),"") -> 37 | J78: =IFERROR(INDEX('Tagging key'!F:F, MATCH(F78,'Tagging key'!C:C,0)),"") -> 25 | K78: 35.338 | L78: 69.76 | M78: 39.19 | N78: 27.54 | P78: 45879 | Q78: 45879
A79: 3 | B79: 2 | C79: Ambient | D79: Mussel | E79: B92 | F79: M_B92 | G79: 35.927 | H79: =IFERROR(INDEX('Tagging key'!D:D, MATCH(F79,'Tagging key'!C:C,0)),"") -> 71 | I79: =IFERROR(INDEX('Tagging key'!E:E, MATCH(F79,'Tagging key'!C:C,0)),"") -> 36 | J79: =IFERROR(INDEX('Tagging key'!F:F, MATCH(F79,'Tagging key'!C:C,0)),"") -> 26 | K79: 36.684 | L79: 73.28 | M79: 36.57 | N79: 26.83 | P79: 45877 | Q79: 45877
A80: 3 | B80: 2 | C80: Ambient | D80: Mussel | E80: B76 | F80: M_B76 | G80: 72.829 | H80: =IFERROR(INDEX('Tagging key'!D:D, MATCH(F80,'Tagging key'!C:C,0)),"") -> 86 | I80: =IFERROR(INDEX('Tagging key'!E:E, MATCH(F80,'Tagging key'!C:C,0)),"") -> 42 | J80: =IFERROR(INDEX('Tagging key'!F:F, MATCH(F80,'Tagging key'!C:C,0)),"") -> 36 | K80: 73.531 | L80: 87.58 | M80: 42.9 | N80: 35.12 | P80: 45882 | Q80: 45882 | R80: 23.233
A81: 3 | B81: 2 | C81: Ambient | D81: Mussel | E81: B61 | F81: M_B61 | G81: 46.684 | H81: 80.85 | I81: 36.7 | J81: 28.72 | K81: 48.404 | L81: 79.67 | M81: 37.55 | N81: 28.65 | P81: 45886 | Q81: 45886 | R81: 17.401
A82: 3 | B82: 3 | C82: Ambient | D82: Mussel | E82: R88 | F82: M_R88 | G82: 30.41 | H82: =IFERROR(INDEX('Tagging key'!D:D, MATCH(F82,'Tagging key'!C:C,0)),"") -> 74.71 | I82: =IFERROR(INDEX('Tagging key'!E:E, MATCH(F82,'Tagging key'!C:C,0)),"") -> 36.57 | J82: =IFERROR(INDEX('Tagging key'!F:F, MATCH(F82,'Tagging key'!C:C,0)),"") -> 24.26 | K82: 31.028 | L82: 74.77 | M82: 35.47 | N82: 24.35 | P82: 45882 | Q82: 45882 | R82: 9.5
A83: 3 | B83: 3 | C83: Ambient | D83: Mussel | E83: R92 | F83: M_R92 | G83: 28.675 | H83: =IFERROR(INDEX('Tagging key'!D:D, MATCH(F83,'Tagging key'!C:C,0)),"") -> 66.65 | I83: =IFERROR(INDEX('Tagging key'!E:E, MATCH(F83,'Tagging key'!C:C,0)),"") -> 36.11 | J83: =IFERROR(INDEX('Tagging key'!F:F, MATCH(F83,'Tagging key'!C:C,0)),"") -> 23.97 | K83: 28.64 | L83: 66.25 | M83: 33.86 | N83: 24.15 | P83: 45879 | Q83: 45879
A84: 3 | B84: 3 | C84: Ambient | D84: Mussel | E84: B21 | F84: M_B21 | G84: 52.596 | H84: =IFERROR(INDEX('Tagging key'!D:D, MATCH(F84,'Tagging key'!C:C,0)),"") -> 76 | I84: =IFERROR(INDEX('Tagging key'!E:E, MATCH(F84,'Tagging key'!C:C,0)),"") -> 36 | J84: =IFERROR(INDEX('Tagging key'!F:F, MATCH(F84,'Tagging key'!C:C,0)),"") -> 31 | K84: 53.079 | L84: 77.83 | M84: 36.15 | N84: 32.62 | P84: 45877 | Q84: 45877
A85: 3 | B85: 3 | C85: Ambient | D85: Mussel | E85: R55 | F85: M_R55 | G85: 36.915 | H85: =IFERROR(INDEX('Tagging key'!D:D, MATCH(F85,'Tagging key'!C:C,0)),"") -> 72.56 | I85: =IFERROR(INDEX('Tagging key'!E:E, MATCH(F85,'Tagging key'!C:C,0)),"") -> 33.85 | J85: =IFERROR(INDEX('Tagging key'!F:F, MATCH(F85,'Tagging key'!C:C,0)),"") -> 28.26 | K85: 37.755 | L85: 72.06 | M85: 33.61 | N85: 27.46 | P85: 45886 | Q85: 45886
A86: 3 | B86: 4 | C86: Ambient | D86: Oyster | E86: B97 | F86: O_B97 | G86: 25.6 | H86: =IFERROR(INDEX('Tagging key'!D:D, MATCH(F86,'Tagging key'!C:C,0)),"") -> 67.74 | I86: =IFERROR(INDEX('Tagging key'!E:E, MATCH(F86,'Tagging key'!C:C,0)),"") -> 52.86 | J86: =IFERROR(INDEX('Tagging key'!F:F, MATCH(F86,'Tagging key'!C:C,0)),"") -> 13.98 | K86: 25.363 | L86: 69.96 | M86: 38.26 | N86: 16.01 | P86: 45882 | Q86: 45882 | R86: 17.207
A87: 3 | B87: 4 | C87: Ambient | D87: Oyster | E87: B47 | F87: O_B47 | G87: 37.671 | H87: =IFERROR(INDEX('Tagging key'!D:D, MATCH(F87,'Tagging key'!C:C,0)),"") -> 64.23 | I87: =IFERROR(INDEX('Tagging key'!E:E, MATCH(F87,'Tagging key'!C:C,0)),"") -> 53.31 | J87: =IFERROR(INDEX('Tagging key'!F:F, MATCH(F87,'Tagging key'!C:C,0)),"") -> 20.28 | K87: 37.479 | L87: 67.05 | M87: 58.15 | N87: 19.01 | P87: 45879 | Q87: 45879
A88: 3 | B88: 4 | C88: Ambient | D88: Oyster | E88: B86 | F88: O_B86 | G88: 33.343 | H88: =IFERROR(INDEX('Tagging key'!D:D, MATCH(F88,'Tagging key'!C:C,0)),"") -> 63.71 | I88: =IFERROR(INDEX('Tagging key'!E:E, MATCH(F88,'Tagging key'!C:C,0)),"") -> 50.88 | J88: =IFERROR(INDEX('Tagging key'!F:F, MATCH(F88,'Tagging key'!C:C,0)),"") -> 20.29 | K88: 33.292 | L88: 67.46 | M88: 46.74 | N88: 21.11 | P88: 45886 | Q88: 45886
A89: 3 | B89: 4 | C89: Ambient | D89: Oyster | E89: B31 | F89: O_B31 | G89: 33.915 | H89: =IFERROR(INDEX('Tagging key'!D:D, MATCH(F89,'Tagging key'!C:C,0)),"") -> 70.85 | I89: =IFERROR(INDEX('Tagging key'!E:E, MATCH(F89,'Tagging key'!C:C,0)),"") -> 52.01 | J89: =IFERROR(INDEX('Tagging key'!F:F, MATCH(F89,'Tagging key'!C:C,0)),"") -> 15.07 | K89: 33.596 | L89: 72.12 | M89: 43.37 | N89: 17.62 | P89: 45877 | Q89: 45877
A90: 3 | B90: 5 | C90: Ambient | D90: Oyster | E90: W27 | F90: O_W27 | G90: 34.793 | H90: =IFERROR(INDEX('Tagging key'!D:D, MATCH(F90,'Tagging key'!C:C,0)),"") -> 78.4 | I90: =IFERROR(INDEX('Tagging key'!E:E, MATCH(F90,'Tagging key'!C:C,0)),"") -> 49.51 | J90: =IFERROR(INDEX('Tagging key'!F:F, MATCH(F90,'Tagging key'!C:C,0)),"") -> 16.87 | K90: 34.371 | L90: 77.93 | M90: 47.37 | N90: 17.4 | P90: 45879 | Q90: 45879
A91: 3 | B91: 5 | C91: Ambient | D91: Oyster | E91: B60 | F91: O_B60 | G91: 22.106 | H91: =IFERROR(INDEX('Tagging key'!D:D, MATCH(F91,'Tagging key'!C:C,0)),"") -> 73.05 | I91: =IFERROR(INDEX('Tagging key'!E:E, MATCH(F91,'Tagging key'!C:C,0)),"") -> 38.82 | J91: =IFERROR(INDEX('Tagging key'!F:F, MATCH(F91,'Tagging key'!C:C,0)),"") -> 12.29 | K91: 22.126 | L91: 73.94 | M91: 39.85 | N91: 12.81 | P91: 45877 | Q91: 45877
A92: 3 | B92: 5 | C92: Ambient | D92: Oyster | E92: B46 | F92: O_B46 | G92: 40.512 | H92: =IFERROR(INDEX('Tagging key'!D:D, MATCH(F92,'Tagging key'!C:C,0)),"") -> 74.31 | I92: =IFERROR(INDEX('Tagging key'!E:E, MATCH(F92,'Tagging key'!C:C,0)),"") -> 51.95 | J92: =IFERROR(INDEX('Tagging key'!F:F, MATCH(F92,'Tagging key'!C:C,0)),"") -> 17.24 | S92: Died 8/4
A93: 3 | B93: 5 | C93: Ambient | D93: Oyster | E93: B96 | F93: O_B96 | G93: 32.151 | H93: =IFERROR(INDEX('Tagging key'!D:D, MATCH(F93,'Tagging key'!C:C,0)),"") -> 91.83 | I93: =IFERROR(INDEX('Tagging key'!E:E, MATCH(F93,'Tagging key'!C:C,0)),"") -> 39.65 | J93: =IFERROR(INDEX('Tagging key'!F:F, MATCH(F93,'Tagging key'!C:C,0)),"") -> 10.62 | K93: 32.197 | L93: 91.8 | M93: 40.06 | N93: 18.88 | P93: 45882 | Q93: 45882 | R93: 18.434
A94: 3 | B94: 6 | C94: Ambient | D94: Oyster | E94: B35 | F94: O_B35 | G94: 32.708 | H94: =IFERROR(INDEX('Tagging key'!D:D, MATCH(F94,'Tagging key'!C:C,0)),"") -> 73.47 | I94: =IFERROR(INDEX('Tagging key'!E:E, MATCH(F94,'Tagging key'!C:C,0)),"") -> 45.62 | J94: =IFERROR(INDEX('Tagging key'!F:F, MATCH(F94,'Tagging key'!C:C,0)),"") -> 15.71 | K94: 32.676 | L94: 73.23 | M94: 38.77 | N94: 23.82 | P94: 45877 | Q94: 45877
A95: 3 | B95: 6 | C95: Ambient | D95: Oyster | E95: B57 | F95: O_B57 | G95: 31.717 | H95: =IFERROR(INDEX('Tagging key'!D:D, MATCH(F95,'Tagging key'!C:C,0)),"") -> 66.89 | I95: =IFERROR(INDEX('Tagging key'!E:E, MATCH(F95,'Tagging key'!C:C,0)),"") -> 47.26 | J95: =IFERROR(INDEX('Tagging key'!F:F, MATCH(F95,'Tagging key'!C:C,0)),"") -> 16.43 | K95: 31.455 | L95: 67.34 | M95: 45.98 | N95: 17.06 | P95: 45886 | Q95: 45886 | R95: 22.062
A96: 3 | B96: 6 | C96: Ambient | D96: Oyster | E96: B58 | F96: O_B58 | G96: 49.804 | H96: =IFERROR(INDEX('Tagging key'!D:D, MATCH(F96,'Tagging key'!C:C,0)),"") -> 67.49 | I96: =IFERROR(INDEX('Tagging key'!E:E, MATCH(F96,'Tagging key'!C:C,0)),"") -> 65.41 | J96: =IFERROR(INDEX('Tagging key'!F:F, MATCH(F96,'Tagging key'!C:C,0)),"") -> 19.25 | K96: 49.9 | L96: 71.41 | M96: 48.95 | N96: 29.11 | P96: 45882 | Q96: 45882 | R96: 33.805
A97: 3 | B97: 6 | C97: Ambient | D97: Oyster | E97: R65 | F97: O_R65 | G97: 35.481 | H97: =IFERROR(INDEX('Tagging key'!D:D, MATCH(F97,'Tagging key'!C:C,0)),"") -> 68.35 | I97: =IFERROR(INDEX('Tagging key'!E:E, MATCH(F97,'Tagging key'!C:C,0)),"") -> 40.8 | J97: =IFERROR(INDEX('Tagging key'!F:F, MATCH(F97,'Tagging key'!C:C,0)),"") -> 19.13 | K97: 34.917 | L97: 74.4 | M97: 39.79 | N97: 19.04 | P97: 45879 | Q97: 45879
A98: 3 | B98: 7 | C98: Ambient | D98: Scallop | E98: Y38 | F98: S_Y38 | G98: 67.039 | H98: =IFERROR(INDEX('Tagging key'!D:D, MATCH(F98,'Tagging key'!C:C,0)),"") -> 76.5 | I98: =IFERROR(INDEX('Tagging key'!E:E, MATCH(F98,'Tagging key'!C:C,0)),"") -> 74 | J98: =IFERROR(INDEX('Tagging key'!F:F, MATCH(F98,'Tagging key'!C:C,0)),"") -> 20.5 | K98: 62.132 | L98: 78.56 | M98: 78.4 | N98: 23.23 | P98: 45877 | Q98: 45877
A99: 3 | B99: 7 | C99: Ambient | D99: Scallop | E99: G78 | F99: S_G78 | G99: 53.105 | H99: =IFERROR(INDEX('Tagging key'!D:D, MATCH(F99,'Tagging key'!C:C,0)),"") -> 76 | I99: =IFERROR(INDEX('Tagging key'!E:E, MATCH(F99,'Tagging key'!C:C,0)),"") -> 76 | J99: =IFERROR(INDEX('Tagging key'!F:F, MATCH(F99,'Tagging key'!C:C,0)),"") -> 18 | K99: 52.1 | L99: 75.77 | M99: 78.29 | N99: 19.73 | P99: 45879 | Q99: 45879
A100: 3 | B100: 7 | C100: Ambient | D100: Scallop | E100: G1 | F100: S_G1 | G100: 57.138 | H100: =IFERROR(INDEX('Tagging key'!D:D, MATCH(F100,'Tagging key'!C:C,0)),"") -> 71.02 | I100: =IFERROR(INDEX('Tagging key'!E:E, MATCH(F100,'Tagging key'!C:C,0)),"") -> 75.8 | J100: =IFERROR(INDEX('Tagging key'!F:F, MATCH(F100,'Tagging key'!C:C,0)),"") -> 19.43 | K100: 52.908 | L100: 73.08 | M100: 76.46 | N100: 20.71 | P100: 45882 | Q100: 45882 | R100: 25.236
...

Sheet Tagging key
A1: Species | B1: BeeTag ID | C1: Unique_ID | D1: Length (mm) | E1: Width (mm) | F1: Height (mm) | G1: Comment
A2: Oyster | B2: R1 | C2: O_R1 | D2: 62.07 | E2: 51.41 | F2: 20.09 | K2: Missing tags R5 & R6
A3: Oyster | B3: R2 | C3: O_R2 | D3: 64.94 | E3: 59.78 | F3: 19.65 | G3: Died before expt | K3: R18 & R40 was dead when labeled
A4: Oyster | B4: R3 | C4: O_R3 | D4: 69.3 | E4: 44.51 | F4: 16.88 | K4: B79 & B93 was dead when labeled
A5: Oyster | B5: R4 | C5: O_R4 | D5: 68.27 | E5: 41.27 | F5: 20.03 | K5: LABEL Y7 & Y84 WAS LOST
A6: Oyster | B6: R7 | C6: O_R7 | D6: 80.42 | E6: 47.66 | F6: 19.63 | K6: Died before expt:
A7: Oyster | B7: R8 | C7: O_R8 | D7: 62.28 | E7: 34.51 | F7: 17.47 | K7: Oyster | L7: R2
A8: Oyster | B8: R9 | C8: O_R9 | D8: 63.26 | E8: 47.67 | F8: 14.78 | K8: Oyster | L8: B37
A9: Oyster | B9: R10 | C9: O_R10 | D9: 60.77 | E9: 43.41 | F9: 17.54 | K9: Oyster | L9: B75
A10: Oyster | B10: R11 | C10: O_R11 | D10: 77.87 | E10: 46.75 | F10: 15.61 | K10: Oyster | L10: W43
A11: Oyster | B11: R12 | C11: O_R12 | D11: 65.48 | E11: 44.69 | F11: 16.56
A12: Oyster | B12: R13 | C12: O_R13 | D12: 61.21 | E12: 42.25 | F12: 14.03
A13: Oyster | B13: R14 | C13: O_R14 | D13: 60.29 | E13: 43.41 | F13: 16.24
A14: Oyster | B14: R15 | C14: O_R15 | D14: 58.87 | E14: 53.72 | F14: 15.89
A15: Oyster | B15: R16 | C15: O_R16 | D15: 64.75 | E15: 44.36 | F15: 20.89
A16: Oyster | B16: R17 | C16: O_R17 | D16: 78.06 | E16: 55.62 | F16: 27.44
A17: Oyster | B17: R19 | C17: O_R19 | D17: 66.74 | E17: 44.98 | F17: 13.67
A18: Oyster | B18: R20 | C18: O_R20 | D18: 65 | E18: 43.53 | F18: 16.92
A19: Oyster | B19: R21 | C19: O_R21 | D19: 53.55 | E19: 49.5 | F19: 13.77
A20: Oyster | B20: R22 | C20: O_R22 | D20: 69.94 | E20: 48.94 | F20: 19.08
A21: Oyster | B21: R23 | C21: O_R23 | D21: 61.89 | E21: 57.9 | F21: 23.35
A22: Oyster | B22: R24 | C22: O_R24 | D22: 58.57 | E22: 39.39 | F22: 19.2
... A34: Oyster | B34: R36 | C34: O_R36 | D34: 76.53 | E34: 47.91 | F34: 17.82
A35: Oyster | B35: R37 | C35: O_R37 | D35: 61.11 | E35: 46.57 | F35: 18.88 | G35: rounded the length out for measurement. Slightly angled
A36: Oyster | B36: R38 | C36: O_R38 | D36: 59.54 | E36: 42.86 | F36: 15.87
A37: Oyster | B37: R39 | C37: O_R39 | D37: 68 | E37: 49.71 | F37: 17.42
A38: Oyster | B38: R41 | C38: O_R41 | D38: 67.97 | E38: 44.12 | F38: 19.17
A39: Oyster | B39: R42 | C39: O_R42 | D39: 63.69 | E39: 53.55 | F39: 18.02
A40: Oyster | B40: R43 | C40: O_R43 | D40: 81.28 | E40: 51.86 | F40: 23.17
A41: Oyster | B41: R44 | C41: O_R44 | D41: 80.14 | E41: 50.61 | F41: 20.72
A42: Oyster | B42: R45 | C42: O_R45 | D42: 70.91 | E42: 53.97 | F42: 17.24
A43: Oyster | B43: R46 | C43: O_R46 | D43: 60.92 | E43: 44.39 | F43: 18.02
A44: Oyster | B44: R47 | C44: O_R47 | D44: 66.75 | E44: 48.68 | F44: 17.59
A45: Oyster | B45: R48 | C45: O_R48 | D45: 67.45 | E45: 62.01 | F45: 14.2
A46: Oyster | B46: R49 | C46: O_R49 | D46: 62.02 | E46: 43.46 | F46: 17.31
A47: Oyster | B47: R50 | C47: O_R50 | D47: 68.14 | E47: 54.19 | F47: 20.58
... A133: Oyster | B133: B36 | C133: O_B36 | D133: 64.04 | E133: 42.84 | F133: 16.26
A134: Oyster | B134: B37 | C134: O_B37 | D134: 63.03 | E134: 52.65 | F134: 18.17 | G134: Died before expt
A135: Oyster | B135: B38 | C135: O_B38 | D135: 62.48 | E135: 47.16 | F135: 14.17
A136: Oyster | B136: B39 | C136: O_B39 | D136: 77.97 | E136: 40.86 | F136: 17.27
A137: Oyster | B137: B40 | C137: O_B40 | D137: 64.33 | E137: 44.72 | F137: 15.96
A138: Oyster | B138: B41 | C138: O_B41 | D138: 67.25 | E138: 46.17 | F138: 14.38
A139: Oyster | B139: B42 | C139: O_B42 | D139: 72.36 | E139: 36.77 | F139: 13.07
A140: Oyster | B140: B43 | C140: O_B43 | D140: 62.19 | E140: 54.36 | F140: 14.21
A141: Oyster | B141: B44 | C141: O_B44 | D141: 69.51 | E141: 48.35 | F141: 16.05
A142: Oyster | B142: B45 | C142: O_B45 | D142: 55.69 | E142: 57.71 | F142: 16.57
A143: Oyster | B143: B46 | C143: O_B46 | D143: 74.31 | E143: 51.95 | F143: 17.24
A144: Oyster | B144: B47 | C144: O_B47 | D144: 64.23 | E144: 53.31 | F144: 20.28
A145: Oyster | B145: B48 | C145: O_B48 | D145: 70.65 | E145: 51.33 | F145: 15.85
A146: Oyster | B146: B49 | C146: O_B49 | D146: 60.08 | E146: 43.32 | F146: 14.18
... A171: Oyster | B171: B74 | C171: O_B74 | D171: 48.99 | E171: 31.19 | F171: 14.88
A172: Oyster | B172: B75 | C172: O_B75 | D172: 67.17 | E172: 40.95 | F172: 18.16 | G172: Died before expt
A173: Oyster | B173: B76 | C173: O_B76 | D173: 75.58 | E173: 48.31 | F173: 19.9
A174: Oyster | B174: B77 | C174: O_B77 | D174: 75.33 | E174: 47.97 | F174: 16
A175: Oyster | B175: B78 | C175: O_B78 | D175: 67.66 | E175: 37.2 | F175: 17.35
A176: Oyster | B176: B80 | C176: O_B80 | D176: 64.99 | E176: 47.26 | F176: 17.97
A177: Oyster | B177: B81 | C177: O_B81 | D177: 71.4 | E177: 39.03 | F177: 14.91
A178: Oyster | B178: B82 | C178: O_B82 | D178: 64.99 | E178: 51.64 | F178: 21.83
A179: Oyster | B179: B83 | C179: O_B83 | D179: 69.05 | E179: 43.8 | F179: 15.75
A180: Oyster | B180: B84 | C180: O_B84 | D180: 51.33 | E180: 54.12 | F180: 20.58
A181: Oyster | B181: B85 | C181: O_B85 | D181: 63.94 | E181: 49.26 | F181: 17.1
A182: Oyster | B182: B86 | C182: O_B86 | D182: 63.71 | E182: 50.88 | F182: 20.29
A183: Oyster | B183: B87 | C183: O_B87 | D183: 69.31 | E183: 42.54 | F183: 18.08
A184: Oyster | B184: B88 | C184: O_B88 | D184: 66.35 | E184: 50.23 | F184: 14.63
... A237: Oyster | B237: W42 | C237: O_W42 | D237: 73 | E237: 37.32 | F237: 12.43
A238: Oyster | B238: W43 | C238: O_W43 | D238: 75.06 | E238: 49.54 | F238: 20.51 | G238: Dead
A239: Oyster | B239: W44 | C239: O_W44 | D239: 69.76 | E239: 50.61 | F239: 13.99
A240: Oyster | B240: W45 | C240: O_W45 | D240: 65.21 | E240: 56.84 | F240: 16.27
A241: Oyster | B241: W46 | C241: O_W46 | D241: 68.81 | E241: 48.12 | F241: 17.56
A242: Oyster | B242: W47 | C242: O_W47 | D242: 62 | E242: 38.14 | F242: 16.51
A243: Oyster | B243: W48 | C243: O_W48 | D243: 73.26 | E243: 50.23 | F243: 15.63
A244: Oyster | B244: Y1 | C244: O_Y1 | D244: 63.78 | E244: 49.78 | F244: 18.7
A245: Oyster | B245: Y2 | C245: O_Y2 | D245: 69.26 | E245: 49.41 | F245: 21.33
A246: Scallop | B246: Y1 | C246: S_Y1 | D246: 76.66 | E246: 80.23 | F246: 18.31
A247: Scallop | B247: Y2 | C247: S_Y2 | D247: 74.42 | E247: 75.65 | F247: 22.77
A248: Scallop | B248: Y3 | C248: S_Y3 | D248: 72 | E248: 75.5 | F248: 21
A249: Scallop | B249: Y4 | C249: S_Y4 | D249: 73.5 | E249: 78 | F249: 23
A250: Scallop | B250: Y5 | C250: S_Y5 | D250: 68.5 | E250: 69.5 | F250: 21.5
... A260: Scallop | B260: Y16 | C260: S_Y16 | D260: 67 | E260: 70 | F260: 19
A261: Scallop | B261: Y17 | C261: S_Y17 | D261: 69 | E261: 74.5 | F261: 19 | G261: Died before expt
A262: Scallop | B262: Y18 | C262: S_Y18 | D262: 68 | E262: 69 | F262: 19
A263: Scallop | B263: Y19 | C263: S_Y19 | D263: 67 | E263: 71 | F263: 17
A264: Scallop | B264: Y20 | C264: S_Y20 | D264: 71 | E264: 76 | F264: 20
A265: Scallop | B265: Y21 | C265: S_Y21 | D265: 80 | E265: 81 | F265: 20
A266: Scallop | B266: Y22 | C266: S_Y22 | D266: 68 | E266: 70 | F266: 18
A267: Scallop | B267: Y23 | C267: S_Y23 | D267: 58.5 | E267: 74.5 | F267: 20
A268: Scallop | B268: Y24 | C268: S_Y24 | D268: 74 | E268: 78 | F268: 20
A269: Scallop | B269: Y25 | C269: S_Y25 | D269: 71.5 | E269: 72.5 | F269: 18
A270: Scallop | B270: Y26 | C270: S_Y26 | D270: 78 | E270: 81 | F270: 21
A271: Scallop | B271: Y27 | C271: S_Y27 | D271: 73 | E271: 76.5 | F271: 19
A272: Scallop | B272: Y28 | C272: S_Y28 | D272: 70.5 | E272: 78.5 | F272: 19
A273: Scallop | B273: Y29 | C273: S_Y29 | D273: 78.5 | E273: 83.5 | F273: 20
... A312: Scallop | B312: Y68 | C312: S_Y68 | D312: 71 | E312: 76.5 | F312: 20
A313: Scallop | B313: Y69B | C313: S_Y69B | D313: 67 | E313: 69 | F313: 15 | G313: Died before expt
A314: Scallop | B314: Y70 | C314: S_Y70 | D314: 71 | E314: 77 | F314: 19
A315: Scallop | B315: Y71 | C315: S_Y71 | D315: 77 | E315: 80 | F315: 20
A316: Scallop | B316: Y72 | C316: S_Y72 | D316: 71 | E316: 75 | F316: 20
A317: Scallop | B317: Y73 | C317: S_Y73 | D317: 69 | E317: 66 | F317: 15 | G317: Died before expt
A318: Scallop | B318: Y74 | C318: S_Y74 | D318: 66 | E318: 70 | F318: 17
A319: Scallop | B319: Y75 | C319: S_Y75 | D319: 72 | E319: 75 | F319: 20
...

Sheet Feeding
A1: Tank | B1: Box | C1: Bee Tag | D1: Diet
A2: 1 | B2: 1 | C2: O_B_54
A3: 1 | B3: 2 | C3: O_B_65
A4: 1 | B4: 3 | C4: O_W_15
A5: 1 | B5: 4 | C5: M_B_31
A6: 1 | B6: 5 | C6: M_B_52
A7: 1 | B7: 6 | C7: M_B_51
A8: 1 | B8: 7 | C8: S_Y_74
A9: 1 | B9: 8 | C9: S_G_37
A10: 1 | B10: 9 | C10: S_B_3
A11: 2 | B11: 1 | C11: O_B_34
A12: 2 | B12: 2 | C12: O_W_16
A13: 2 | B13: 3 | C13: O_B_89
... A44: 5 | B44: 7 | C44: M_B_8
A45: 5 | B45: 8 | C45: M_B_18 | D45: ALIVE BUT CAME FROM ONE WITH A DEAD ONE
A46: 5 | B46: 9 | C46: M_R_42
A47: 6 | B47: 1 | C47: S_G53
A48: 6 | B48: 2 | C48: S_Y13
A49: 6 | B49: 3 | C49: S_Y61
A50: 6 | B50: 4 | C50: M_R6
A51: 6 | B51: 5 | C51: M_B37
A52: 6 | B52: 6 | C52: M_B6
A53: 6 | B53: 7 | C53: O_R43 | D53: b24 dead
A54: 6 | B54: 8 | C54: O_B25
A55: 6 | B55: 9 | C55: O_R30
A56: 7 | B56: 1 | C56: M_R35
A57: 7 | B57: 2 | C57: M_G12
A58: 7 | B58: 3 | C58: M_R69
A59: 7 | B59: 4 | C59: S_W99
A60: 7 | B60: 5 | C60: S_W84
A61: 7 | B61: 6 | C61: S_W75
A62: 7 | B62: 7 | C62: O_B69
A63: 7 | B63: 8 | C63: O_B7
A64: 7 | B64: 9 | C64: O_R36
A65: 8 | B65: 1 | C65: O_B49
... A181: 20 | B181: 9 | C181: M_B_27
